発売年月	レーベル	タイトル	著者	イラスト	ISBN	通巻番号	整理番号	ページ数	補足
199601	電撃文庫	海の城・山の城	藍野香織	米田仁士	4-07-303752-8	0102	あ-3-1	364	
199601	電撃文庫	ある日、どこかのダンジョンで <上>	G・コスティキアン　訳：安田均、石口聖子	吉富昭仁	4-07-303947-4	0100	こ-2-1	263	
199601	電撃文庫	五霊闘士オーキ伝 (3)　兵魔戦士再襲！	土門弘幸	よしみる	4-07-304102-9	0101	と-3-3	301	
199601	電撃文庫	神王伝説クリスタニア <上>	白井英　原作：水野良	宝谷幸稔	4-07-304119-3	0099	し-4-1	245	
199601	富士見ファンタジア文庫	ソーサル・ブラスバンド　やつらは大乱調！	山下定	むっちりむうにい	4-8291-2662-0	362	59-2	309	
199601	富士見ファンタジア文庫	宇宙一の無責任男シリーズ　外伝 (6)　我が名はヤマモト	吉岡平	平田智浩	4-8291-2663-9	363	11-33	232	
199601	富士見ファンタジア文庫	魔法少女プリティサミー　高気圧少女編	黒田洋介	羽音たらく (スタジオ・オルフェ)	4-8291-2665-5	365	45-7	250	
199601	富士見ファンタジア文庫	太陽超神サンライザー　正義の巨人は大迷惑	とまとあき、塚本裕美子	西川秀明	4-8291-2666-3	366	14-7	196	
199601	富士見ファンタジア文庫	それゆけ！宇宙戦艦ヤマモト・ヨーコopt.2　寂しがりやのブロッサム	庄司卓	赤石沢貴士	4-8291-2668-X	368	35-19	269	
199601	角川スニーカー文庫	パワードール	柿沼秀樹		4-04-411018-2	9895	10-18	307	
199601	角川スニーカー文庫	MAZE☆爆熱時空 外伝　比翼の兄弟	あかほりさとる	菅沼栄治	4-04-412716-6	9893	27-26	227	
199601	角川スニーカー文庫	アルス・マグナ　5 魔王の降臨	千葉暁、伸童舎チームA.M.	小林智美	4-04-412905-3	9897	29-5	294	
199601	角川スニーカー文庫	卒業〜クロスワールド　出会いはメロディアス	三浦徹也	四季童子	4-04-417101-7	9898	71-1	211	
199601	角川スニーカー・G文庫	月を追うものたち　ガープス・ルナル・アドベンチャー	友野詳、グループSNE		4-04-461433-4	9900	881-9	459	
199601	角川スニーカー・G文庫	ガープス・リング★ドリーム・リプレイ　少女たちのテンカウント	泥士朗、実験室	安西真	4-04-488402-1	9899	884-2	263	
199601	ログアウト冒険文庫	イースV　さまよえる砂の都 [上]	大場惑	池上明子	4-89366-454-9	LB-114		285	
199601	ログアウト冒険文庫	大地母神　[2] ひいな	日野鏡子	大貫健一	4-89366-455-7	LB-115		248	
199601	ソノラマ文庫	リバティ・ランドの鐘	秋山完	鈴木雅久	4-257-76760-X	760	あ 6- 2	292	
199601	ソノラマ文庫	わたしのファルコン 5	夏見正隆	中嶋敦子	4-257-76766-9	766	な 4- 5	330	
199601	スーパーファンタジー文庫	野郎！　―戦国のヴァンパイア― <参>	花衣沙久羅	里中守	4-08-613203-6		か2-13	317	
199601	スーパーファンタジー文庫	光の双樹　ソウル・ファクトリー 3	野間ゆかり	真東砂波	4-08-613204-4		の1-3	243	
199601	スーパーファンタジー文庫	聖ベリアーズ騎士団！	霜島ケイ	美剣綾子	4-08-613205-2		し1-4	309	
199601	スーパーファンタジー文庫	呪願	藤原京	小野双葉	4-08-613206-0		ふ4-7	218	
199601	スーパークエスト文庫	マクロスプラス VOL.1	信本敬子	魔砂雪	4-09-440016-8		の2-1	195	
199601	スーパークエスト文庫	聖剣エクスカリバー VOL.3　神々の黄昏	渓由葵夫	木村明広	4-09-440363-9		た3-3	195	
199601	ゲーメストZ文庫	ヴァンパイアハンター外伝 レイレイ編　終わらない春	嬉野秋彦	桜瀬琥姫	4-88199-215-5	004		237	
199601	C★NOVELS ファンタジア	蝶々夫人の事件簿 1	六道慧		4-12-500392-0		り1-6	230	
199601	C★NOVELS ファンタジア	白狼綺伝　2 神狼記昔語り 精霊王の琵琶	斉城昌美		4-12-500393-9		さ1-10	283	
199601	C★NOVELS ファンタジア	熱砂の記憶 マインド・チェイサー 3	神無月ふみ		4-12-500394-7		か3-3	222	
199601	コバルト文庫	炎の蜃気楼 (18)　火輪の王国　烈風編	桑原水菜	浜田翔子	4-08-614128-0		く5-24	247	
199601	コバルト文庫	破妖の剣 5　翡翠の夢 2	前田珠子	厦門潤	4-08-614147-7		ま2-30	242	
199601	コバルト文庫	古代転生ファンタジー　銀の海 金の大地 11	氷室冴子	飯田晴子	4-08-614148-5		ひ1-44	274	
199601	コバルト文庫	エクサール騎士団　翠玉の王	若木未生	羽音こうき	4-08-614149-3		わ1-20	203	
199601	コバルト文庫	龍と魔法使い (7)	榎木洋子	後藤星	4-08-614150-7		え1-18	197	
199601	コバルト文庫	禁断のウィスパー黎明編　天使のかけら	さいきなおこ	さいきなおこ	4-08-614151-5		さ6-9	245	
199601	コバルト文庫	きっと忘れない　〜濃姫夢紀行〜	倉本由布	本田恵子	4-08-614152-3		く2-37	231	
199601	コバルト文庫	楽園の魔女たち　〜賢者からの手紙〜	樹川さとみ	むっちりむうにい	4-08-614153-1		き5-6	327	
199601	コバルト文庫	永遠への扉	松本祐子	はしもとさかき	4-08-614154-X		ま5-3	233	
199601	コバルト文庫	帰る日まで	藤原眞莉	藤原多恵	4-08-614155-8		ふ6-1	325	[第25回コバルト・ノベル大賞＜読者大賞＞]
199601	コバルト文庫ピンキー	ママレード・ボーイ 9	影山由美　原作：吉住渉		4-08-614156-6		カ2-9	206	
199601	コバルト文庫ピンキー	ナースエンジェルりりかSOS　〜緑の光の章〜	戸田博史　原作：秋元康、池野恋		4-08-614157-4		ト1-2	229	
199601	X文庫ホワイトハート	鬼啖―KITAN―　鬼の風水 (4)	岡野麻里安	金ひかる	4-06-255228-0		おB-16	288	
199601	X文庫ホワイトハート	妖かしの紅い華　新・霊感探偵倶楽部	新田一実	笠井あゆみ	4-06-255230-2		にA-13	255	
199601	X文庫ティーンズハート	アナトゥール星伝 5　紅の花炎姫	折原みと	折原みと	4-06-199436-0		お1-23	251	旧整理番号：X90-23
199601	X文庫ティーンズハート	雪降る夜につかまえて	秋野ひとみ	赤羽みちえ	4-06-199443-3		あ1-5	243	旧整理番号：X99-59
199601	X文庫ティーンズハート	そんな眼で見ないで	若林真紀	糸井美和	4-06-199445-X		わ1-9	214	旧整理番号：X108-41
199601	X文庫ティーンズハート	世界でいちばんきみが好き	青山えりか	長嶋めぐみ	4-06-199446-8		あ2-15	229	旧整理番号：X114-33
199601	X文庫ティーンズハート	恋愛の国の17才	小林深雪	牧村久実	4-06-199447-6		こ2-40	217	旧整理番号：X154-40
199601	X文庫ティーンズハート	瓶の中のおしゃべり娘	飯田雪子	飯田雪子	4-06-199448-4		X183-6	246	
199601	X文庫ティーンズハート	誰かがあなたを愛してる　東京恋愛事情	三田さくら	有羽なぎさ	4-06-199449-2		X196-3	197	
199601	X文庫ティーンズハート	ガールフレンド	羽鳥あさの	掛札みゆき	4-06-199450-6		X201-1	176	[第3回ティーンズハート大賞＜佳作＞]
199601	X文庫ティーンズハート	ようこそ美少年ハイスクールへ	高林真夏	岡本慶子	4-06-199451-4		X202-1	200	
199601	パレット文庫	僕にできることは…	倉橋燿子	ほんだちはる	4-09-420403-2		く2-15	214	
199601	パレット文庫	俺達の夢伝説　泉＆由鷹シリーズ番外編 (1)	あさぎり夕	あさぎり夕	4-09-420480-6		あ6-10	202	
199601	パレット文庫	トリック・トラップ (後編)　ワンダーBOY (4)	秋月こお	沖麻実也	4-09-420604-3		あ8-4	196	
199601	パレット文庫	愛・シテ・欲しい…	夏樹碧	嶋津裕	4-09-420634-5		な4-4	201	
199601	キャンバス文庫	封殺鬼シリーズ (10)　花闇を抱きしもの (上)	霜島ケイ	西炯子	4-09-430120-8		し1-10	220	
199601	キャンバス文庫	魔州奇譚 II　火焔の女王	神月摩由璃	あしべゆうほ	4-09-430272-7		こ1-2	283	
199601	ウィングス・ノヴェルス	東方幻神異聞 2	樹川さとみ	片山愁	4-403-64030-3			281	
199602	電撃文庫	女神天国　アストロスターを探せ！	千葉克彦	好実昭博、宮須弥	4-07-303746-3	0106	ち-1-1	260	
199602	電撃文庫	ソーサラー狩り 爆れつハンター Special (1)	あかほりさとる	臣士れい	4-07-304154-1	0103	あ-1-6	228	
199602	電撃文庫	ある日、どこかのダンジョンで <下>	G・コスティキアン　訳：安田均、石口聖子	吉富昭仁	4-07-304243-2	0104	こ-2-2	272	
199602	電撃文庫	漂流伝説クリスタニア (4)	水野良	うるし原智志	4-07-304250-5	0105	み-1-5	222	
199602	電撃ゲーム文庫	央華封神リプレイ 2　空の果てまで翔んでいけ!	友野詳、グループSNE		4-07-304237-8	0107	G-7-7	391	
199602	富士見ファンタジア文庫	魔術士オーフェン・無謀編 (1)　てめぇら、とっとと金返せ！	秋田禎信	草河遊也	4-8291-2667-1	367	40-7	265	
199602	富士見ファンタジア文庫	月王	櫻井牧	鈴木理華	4-8291-2669-8	369	70-1	318	[第7回ファンタジア長編小説大賞＜佳作＞]
199602	富士見ファンタジア文庫	封仙娘娘追宝録 2　嵐を招く道士たち	ろくごまるに	ひさいちよしき	4-8291-2670-1	370	51-3	251	
199602	富士見ファンタジア文庫	エルネミアの棺　異相界の凶獣	対馬正治	幡池裕行、小河原亮	4-8291-2671-X	371	69-1	336	[第7回ファンタジア長編小説大賞＜佳作＞]
199602	富士見ファンタジア文庫	ザンヤルマの剣士　イリーガルの孤影	麻生俊平	弘司	4-8291-2672-8	372	31-8	339	
199602	角川スニーカー文庫	天空戦記シュラト　5 苦界彷徨	あかほりさとる		4-04-412717-4	9893	27-11	275	
199602	角川スニーカー文庫	東京ダンジョン　Beyond the real	伊藤一元　原案：ローR.アダムス3世KTJ	るりあ★46	4-04-417201-3	9919	72-1	251	
199602	角川スニーカー文庫	天外魔境ZERO　炎の勇者たち	広井王子、レッド・カンパニー		4-04-470312-4	9925	703-12	234	
199602	ログアウト冒険文庫	天地創造	中井紀夫	相崎勝美	4-89366-456-5	LB-116		317	
199602	ログアウト冒険文庫	イースV　さまよえる砂の都 [中]	大場惑	池上明子	4-89366-465-4	LB-117		265	
199602	ログアウト冒険文庫	大地母神　[3] 復活の時	日野鏡子		4-89366-466-2	LB-118		248	
199602	ログアウト冒険文庫	闇の騎士団　マジック・マスター	鈴木銀一郎		4-89366-467-0	LB-119		235	
199602	ソノラマ文庫	アベニールをさがして 3	富野由悠季	幡池裕行	4-257-76767-7	767	と 1-13	271	
199602	ソノラマ文庫	ARIEL (10)	笹本祐一	鈴木雅久	4-257-76771-5	771	さ 2-21	274	
199602	ソノラマ文庫	秘境探検ファム＆イーリー 2	もりたけし	田中久仁彦	4-257-76772-3	772	も 2- 2	251	
199602	エニックス文庫	ゲームブック ハーメルンのバイオリン弾き			4-8702-5866-8	EB64		255	
199602	スーパーファンタジー文庫	闇に歌えば 9　滄海への逃亡者	瀬川貴次	藤川守	4-08-613207-9		せ1-15	223	
199602	スーパーファンタジー文庫	プリンセス・ミネルバ (7)　ムナリーの帰還	舞阪洸、REDカンパニー	石田走	4-08-613208-7		ま2-8	252	
199602	スーパーファンタジー文庫	夏嵐　緋の夢が呼ぶもの	朝香祥	北条風見	4-08-613209-5		あ5-1	262	
199602	スーパーファンタジー文庫	魔的災害　デモン・ハザード	島田理聡	速水翼	4-08-613210-9		し2-1	267	
199602	徳間AM文庫	神秘の世界エルハザード (上)	倉田英之　原案：林宏樹	AIC、杉崎ゆきる	4-19-900022-4		K1-1	277	
199602	徳間AM文庫	神秘の世界エルハザード (下)	倉田英之　原案：林宏樹	AIC、杉崎ゆきる	4-19-900023-2		K1-2	295	
199602	ガンマ文庫	幻日の世界エルハザード 上巻　天泣編	桑原忍	宮越和草、久保正彦	4-8124-0066-X		1-1	198	
199602	ガンマ文庫	心・影技	関島眞頼　原作：岡田芽武	岡田芽武	4-8124-0067-8		2-1	217	
199602	ガンマ文庫	ハードラック 1	美月ひな	近永早苗	4-8124-0068-6		3-1	229	
199602	コバルト文庫	炎の蜃気楼 (19)　火輪の王国　烈濤編	桑原水菜	浜田翔子	4-08-614158-2		く5-25	266	
199602	コバルト文庫	キル・ゾーン　破壊天使	須賀しのぶ	梶原にき	4-08-614159-0		す5-4	251	
199602	コバルト文庫	水の都の物語　月の迷宮　陽の迷宮　前編	金蓮花	久下じゅんこ	4-08-614160-4		き6-6	275	
199602	コバルト文庫	ゲッターズの冒険	日向章一郎	花田祐実	4-08-614161-2		ひ2-43	203	
199602	コバルト文庫	姫君と婚約者 2	高遠砂夜	赤坂RAM	4-08-614162-0		た13-8	261	
199602	コバルト文庫	龍は誘う	真堂樹	浅見侑	4-08-614163-9		し8-3	251	
199602	コバルト文庫	リフレイン！　〜アムール達の伝言〜	香山暁子	四位広猫	4-08-614164-7		か7-1	248	[第25回コバルト・ノベル大賞＜入選＞]
199602	コバルト文庫	FIGHT!　〜風を抜け〜	三浦真奈美	楠本こすり	4-08-614165-5		み3-19	264	
199602	コバルト文庫	東京ANGEL　駆ける記憶	本沢みなみ	宏橋昌水	4-08-614166-3		ほ3-2	263	
199602	X文庫ホワイトハート	図南の翼　十二国記	小野不由美	山田章博	4-06-255229-9		おC-11	425	
199602	X文庫ホワイトハート	パッション	小澤宏哉	茂木隆行	4-06-255231-0		おD-02	202	
199602	X文庫ホワイトハート	カインの扉	たけうちりうと	ビリー高橋	4-06-255232-9		たB-06	206	
199602	X文庫ティーンズハート	雪おんな幽霊事件	風見潤	かやまゆみ	4-06-199444-1		か2-31	233	旧整理番号：X101-31
199602	X文庫ティーンズハート	失恋しても好きだから…	小泉まりえ	小椋真空	4-06-199452-2		こ1-21	193	旧整理番号：X137-36
199602	X文庫ティーンズハート	お菓子の家で恋がはじまる	津原やすみ	新井葉月	4-06-199453-0		つ1-5	201	旧整理番号：X118-25
199602	X文庫ティーンズハート	婚約時代・18歳 Part 2	小川夏野	森尾理奈	4-06-199454-9		お3-8	232	旧整理番号：X184-8
199602	X文庫ティーンズハート	ランドマークに消えた少女　ヨコハマ事件ファイル	ゆうきみすず	河内実加	4-06-199455-7		ゆ2-3	213	旧整理番号：X104-38
199602	X文庫ティーンズハート	《神の家》は涙する　運命のタロット（11）	皆川ゆか	乱魔猫吉	4-06-199456-5		み1-11	299	旧整理番号：X78-31
199602	X文庫ティーンズハート	ぱふぱふ・パラダイス	花井愛子	高田タミ	4-06-199457-3		X67-57	203	
199602	X文庫ティーンズハート	彼のお部屋にご招待　女子高生プランナー物語	氷堂るびい	草薙竜樹	4-06-199458-1		ひ1-2	221	旧整理番号：X198-2
199602	レモン文庫	YOKOHAMAポケベル犯罪	神崎あおい	岩本真樹	4-05-400553-5	112	か-4	220	
199602	キャンバス文庫	ジャンク・ファイルNO.3　祭典の日	新田一実	下村富美	4-09-430197-6		に1-14	235	
199602	キャンバス文庫	不死人の伝説	白城るた	天野喜孝	4-09-430311-1		し3-1	254	
199602	ウィングス・ノヴェルス	テロリスト 2	新堂奈槻	山田睦月	4-403-64031-1			279	
199603	電撃文庫	モンスターポリス File.1　人造人間の涙	富沢義彦	福田道生	4-07-304378-1	0108	と-4-1	301	
199603	電撃文庫	東京SHADOW (4)　朱の迷宮	西谷史	若菜等+Ki	4-07-304409-5	0109	に-1-4	251	
199603	富士見ファンタジア文庫	俺の足には鰓がある　悪の改造人間純情編	富永浩史	あさりよしとお	4-8291-2664-7	364	57-2	249	
199603	富士見ファンタジア文庫	蓬莱学園−恋愛編　パーフェクト・ラブレター	雑破業、賀東招二、新城十馬	井上純弌、末広雅里、美樹本晴彦	4-8291-2673-6	373	33-8	243	
199603	富士見ファンタジア文庫	無責任カルテット (2)　天使・失格	吉岡平	平田智浩	4-8291-2674-4	374	11-34	245	
199603	富士見ファンタジア文庫	ダンシングウィスパーズ 4　堕ちたる力たち	庄司卓	田沼雄一郎	4-8291-2677-9	377	35-20	211	
199603	富士見ファンタジア文庫	クレギオン　アフナスの貴石	野尻抱介	弘司	4-8291-2678-7	378	38-7	316	
199603	角川スニーカー文庫	MAZE☆爆熱時空　5. 驚嘆怒涛の大逆転	あかほりさとる	菅沼栄治	4-04-412718-2	9947	27-27	207	
199603	角川スニーカー文庫	闇守の鬼	前田珠子	橋本正枝	4-04-413008-6	9943	30-8	211	
199603	角川スニーカー文庫	夢天幻想譚　2 雪華、散りけむ	冴木忍	相沢美良	4-04-413811-7	9933	38-11	235	
199603	角川スニーカー文庫	エレニア記 I　ダイアモンドの玉座 上	デーヴィット・エディングス　訳：嶋田洋一		4-04-417301-X	9923	73-1	337	
199603	角川スニーカー文庫	エレニア記 I　ダイアモンドの玉座 下	デーヴィット・エディングス　訳：嶋田洋一		4-04-417302-8	9924	73-2	321	
199603	角川スニーカー文庫	カード・ギャラリー　殻の色	弘司		4-04-417401-6		74-1	37	
199603	角川スニーカー文庫	カード・ギャラリー　Illusion―幻影―	出渕裕		4-04-417501-2		75-1	40	
199603	角川スニーカー文庫	フォーチュン・クエスト外伝　パステルの旅立ち	深沢美潮	迎夏生	4-04-460612-9	9934	606-9	258	旧整理番号：606-12
199603	角川スニーカー文庫	アビス・ワールド　1 魔界に夢見る冒険者	友野詳　原案：安田均	弘司	4-04-460815-6	9939	608-7	254	
199603	角川スニーカー・G文庫	ガープス・コクーン　コメディファンタジーRPG	小川直人、友野詳、グループSNE		4-04-488303-3	9935	883-3	523	
199603	角川スニーカー・G文庫	武神降臨　ガープス・マーシャルアーツ・アドベンチャー	佐脇洋平、グループSNE		4-04-488601-6	9936	886-1	307	
199603	ファミ通文庫	バイストン・ウェル物語　ガーゼィの翼 3	富野由悠季	末弥純	4-89366-468-9	33	と1 1-3	267	ログアウト冒険文庫LB-124
199603	ファミ通ゲーム文庫	イースV　さまよえる砂の都 [下]	大場惑	池上明子	4-89366-484-0	LB-120	お1-10	239	
199603	ファミ通ゲーム文庫	鉄拳 2 神に挑む拳	神代創		4-89366-485-9	LB-121	か1-5	255	
199603	ファミ通ゲーム文庫	バハムートラグーン	高城響		4-89366-486-7	LB-122	た5-4	238	
199603	ソノラマ文庫	泥棒はなんでも知っている　カルとブラの大冒険 6	鴉紋洋	大貫健一	4-257-76769-3	769	あ 3-18	229	
199603	ソノラマ文庫	吸血鬼ハンター 9　Ｄ−蒼白き堕天使 4	菊地秀行	天野喜孝	4-257-76774-X	774	き 1-40	234	
199603	ソノラマ文庫	碧星の娘　竜の七部族 3	ひかわ玲子	末弥純	4-257-76776-6	776	ひ 2- 3	226	
199603	スーパーファンタジー文庫	ハイランディア 3　導かれし光	丘野ゆうじ	あづみ亨	4-08-613211-7		お1-21	262	
199603	スーパーファンタジー文庫	狐啾記　〜月夜のふたり〜	嬉野秋彦	若菜等+Ki	4-08-613212-5		う1-6	248	
199603	スーパーファンタジー文庫	サウダード　漂泊の韻律	近端夏也子	石堂まゆ	4-08-613213-3		お4-3	299	
199603	スーパーファンタジー文庫	蒼天の情人　アシード神族	柴田明美	音羽冴流	4-08-613214-1		し3-1	250	
199603	スーパークエスト文庫	銀の腕輪のユーリ VOL.2　魔法の学校物語	和智正喜	今井修司	4-09-440332-9		わ1-8	195	
199603	ガンマ文庫	幻日の世界エルハザード 下巻　地啼編	桑原忍	宮越和草、奥田万つ里	4-8124-0088-0		1-2	195	
199603	ガンマ文庫	BLUE SEED 1	荒川稔久　原作：高田裕三	戸部敦夫	4-8124-0089-9		4-1	229	
199603	ガンマ文庫	リーフのくちづけ	大下淳之介	天王寺きつね	4-8124-0091-0		5-1	199	
199603	C★NOVELS ファンタジア	動乱の序章　デルフィニア戦記 9	茅田砂胡	沖麻実也	4-12-500396-3		か1-9	222	
199603	C★NOVELS ファンタジア	白狼綺伝　3 神狼記昔語り 獅子王の毒	斉城昌美		4-12-500397-1		さ1-11	302	
199603	C★NOVELS ファンタジア	月光のイドラ	野阿梓		4-12-500399-8		の1-1	190	
199603	コバルト文庫	地の星座・恋愛革命のススメ	日向章一郎	みずき健	4-08-614167-1		ひ2-44	217	
199603	コバルト文庫	いきなりミーハークイズ王	カトリーヌあやこ、落合ゆかり	カトリーヌあやこ	4-08-614168-X		か3-15	200	
199603	コバルト文庫	雨の音州秘聞　闇灯篭心中　桜の章	響野夏菜	沖麻実也	4-08-614169-8		ひ5-17	262	
199603	コバルト文庫	星子とらぶるファミリー　恋の［ハート］探偵はSOS	山浦弘靖	浦川佳弥	4-08-614170-1		や1-61	269	
199603	コバルト文庫	水の都の物語　月の迷宮　陽の迷宮　中編	金蓮花	久下じゅんこ	4-08-614171-X		き6-7	279	
199603	コバルト文庫	薔薇の剣	ゆうきりん	珠黎皐夕	4-08-614172-8		ゆ4-10	265	
199603	コバルト文庫	月影のソムル (3)　浄化　〜katharesis〜	綾乃なつき	秋篠たつき	4-08-614173-6		あ9-5	254	
199603	コバルト文庫	学園戦隊バトルフォース　オペレーションＧ	藤上貴矢	由羅カイリ	4-08-614174-4		ふ7-2	235	
199603	コバルト文庫ピンキー	ルナティック＝すきゃんだる!!	武内昌美	武内昌美	4-08-614175-2		タ4-3	226	
199603	コバルト文庫ピンキー	ママレード・ボーイ 10	影山由美　原作：吉住渉		4-08-614176-0		カ2-10	203	
199603	コバルト文庫ピンキー	ナースエンジェルりりかSOS　〜裏切りの天使の章〜	戸田博史　原作：秋元康、池野恋		4-08-614177-9		ト1-3	238	
199603	X文庫ホワイトハート	雷鳴の訪問者　隣界ハンター (1)	飛沢磨利子	四位広猫	4-06-255233-7		ひC-04	244	
199603	X文庫ホワイトハート	クィーラとどろぼう鳥	冬杜絵巳子	ちばひさと	4-06-255234-5		ふB-04	218	
199603	X文庫ホワイトハート	ヴァルハラ	仙道はるか	沢路きえ	4-06-255235-3		せB-01	235	
199603	X文庫ティーンズハート	キスだけじゃイヤ X　秘密のタイムテーブル	林葉直子	くりた陸	4-06-199419-0		は2-15	211	旧整理番号：X77-31
199603	X文庫ティーンズハート	ファースト・デート・コレクション	小林深雪	牧村久実	4-06-199459-X		こ2-41	217	旧整理番号：X154-41
199603	X文庫ティーンズハート	恐怖館でつかまえて	秋野ひとみ	赤羽みちえ	4-06-199460-3		あ1-6	229	旧整理番号：X99-60
199603	X文庫ティーンズハート	ボクのあぶない生活	ゆめもと杏奈	安野モヨコ	4-06-199461-1		X192-3	203	
199603	X文庫ティーンズハート	エンジェルBOX　天使からの贈り物	折原みと	折原みと	4-06-199462-X		お1-24	247	旧整理番号：X90-24
199603	X文庫ティーンズハート	星降る夜のウエディングベル	亜沙木るか	真柴ひろみ	4-06-199463-8		X199-2	202	
199603	X文庫ティーンズハート	桜の迷宮	橘はな江		4-06-199464-6		X194-3	201	
199603	レモン文庫	忍と聖哉の受験物語　3 友情	桐原佐和子	群青	4-05-400554-3	113	き-3	222	
199603	パレット文庫	親愛なる君へ　STRAY BOYS物語	夏樹碧	四位広猫	4-09-420635-3		な4-5	201	
199603	パレット文庫	華焔	嶋田純子	薙あかね	4-09-420701-5		し4-1	203	
199603	パレット文庫	僕達の聖少女　泉＆由鷹シリーズ (10)	あさぎり夕	あさぎり夕	4-09-420711-2		あ6-11	204	
199604	電撃文庫	JAJA姫武遊伝 (2)　平安京　鬼の乱	中村うさぎ	衣谷遊	4-07-304384-6	0110	な-1-5	245	
199604	電撃文庫	ソーサラー狩り　爆れつハンター (6)　黒衣の聖母	あかほりさとる	臣士れい	4-07-304390-0	0111	あ-1-7	216	
199604	電撃文庫	聖・八犬伝 巻之三　対牛楼の仇討	鳥海永行	西村博之	4-07-304480-X	0112	と-1-6	259	
199604	電撃文庫	竜剣物語　第5巻 未来への扉	D・J・ハインリヒ　訳：安田均、笠井道子	安彦良和	4-07-304496-6	0113	は-1-5	277	
199604	電撃ゲーム文庫	D&Dリプレイ ミスタラ黙示録 3	安田均、グループSNE		4-07-304504-0	0114	G-1-8	267	
199604	富士見ファンタジア文庫	異形三国志　ガモスの魔剣 (2)	高千穂遙	美樹本晴彦	4-8291-2661-2	361	42-4	286	
199604	富士見ファンタジア文庫	天地無用！魎皇鬼　天地様、ご乱心!? (下)	長谷川菜穂子	大和田直之	4-8291-2675-2	375	45-8	283	
199604	富士見ファンタジア文庫	風の大陸　第十二部　太陽神殿	竹河聖	いのまたむつみ	4-8291-2676-0	376	2-17	269	
199604	富士見ファンタジア文庫	天地無用！in LOVE　夢の家	ねぎしひろし	堀内博之、大和田直之、松本文男	4-8291-2679-5	379	45-9	207	
199604	富士見ファンタジア文庫	魔術士オーフェンはぐれ旅　我が塔に来たれ後継者	秋田禎信	草河遊也	4-8291-2680-9	380	40-8	291	
199604	富士見ファンタジア文庫	スレイヤーズすぺしゃる (9)　イリーズの旅路	神坂一	あらいずみるい	4-8291-2681-7	381	20-22	277	
199604	富士見ファンタジア文庫	魔法使いTai!　春風のマジック	佐藤順一、小中千昭	伊藤郁子	4-8291-2682-5	382	71-1	251	
199604	角川スニーカー文庫	卒業〜クロスワールド　素敵にハーモニー	三浦徹也	四季童子	4-04-417102-5	9971	71-2	243	
199604	角川スニーカー文庫	ハイパーT&Tノベル　ドラゴン大陸興亡記 I　竜の卵	安田均、北沢慶		4-04-461501-2	9972	615-1	350	
199604	ファミ通ゲーム文庫	クライムクラッカーズ外伝	中井紀夫　企画・原作:ここまひ赤い靴クラブ		4-89366-487-5	LB-123	な2-2	237	
199604	ソノラマ文庫	恐竜鉄道	吉岡平	武半慎吾	4-257-76777-4	777	よ 2-11	263	
199604	スーパーファンタジー文庫	KINGDOM (3)　〜暁の女神	七穂美也子	星崎龍	4-08-613215-X		な2-8	270	
199604	スーパーファンタジー文庫	陽炎刺客　暗黒呪歌伝	小山真弓	桃栗みかん	4-08-613216-8		こ2-2	252	
199604	スーパーファンタジー文庫	ネットワーク・フォックス・ハンティング	一条理希	シラトリユリ	4-08-613217-6		い2-3	301	
199604	スーパークエスト文庫	ファイアーエムブレム　紋章の謎 VOL.4	高屋敷英夫	おちよしひこ	4-09-440224-1		た2-4	193	
199604	スーパークエスト文庫	八剣伝 VOL.3　湖碧の巻	大野木寛	美樹本晴彦	4-09-440263-2		お1-3	195	
199604	ゲーメストZ文庫	速攻生徒会外伝　本多十番勝負!!	山本剛	小川雅史	4-88199-229-5	006		267	
199604	徳間AM文庫	強殖装甲ガイバー 2　第三の影	早見裕司　原作：高屋良樹	高屋良樹	4-19-900024-0		H1-2	221	
199604	徳間AM文庫	KAZE 魔雲関ヶ原の巻	杉山光男　原作：神崎将臣	神崎将臣	4-19-900025-9		S1-1	221	
199604	コバルト文庫	グラスハート (3)　ムーン・シャイン	若木未生	橋本みつる	4-08-614178-7		わ1-21	241	
199604	コバルト文庫	禁断のウィスパー　摩天楼の少女	さいきなおこ	さいきなおこ	4-08-614179-5		さ6-10	201	
199604	コバルト文庫	STEP OUT	榎木洋子	うちみけ清香	4-08-614180-9		え1-19	235	
199604	コバルト文庫	水の都の物語　月の迷宮　陽の迷宮　後編	金蓮花	久下じゅんこ	4-08-614181-7		き6-8	294	
199604	コバルト文庫	夢の宮　〜亞心王物語〜 (上)	今野緒雪	波津彬子	4-08-614182-5		こ7-7	231	
199604	コバルト文庫	シャフラスターンの歌　魔性の王子	橘香いくの	久野蒼	4-08-614183-3		た14-4	300	
199604	コバルト文庫	CITY VICE 3　〜月夜に夢見る猫〜	立原とうや	佐嶋真実	4-08-614184-1		た12-13	284	
199604	コバルト文庫	約束　大姫・夢がたり	倉本由布	あいざわ遥	4-08-614185-X		く2-38	246	
199604	コバルト文庫	キル・ゾーン　密林	須賀しのぶ	梶原にき	4-08-614186-8		す5-5	228	
199604	コバルト文庫ピンキー	ご近所物語 2	下川香苗　原作：矢沢あい		4-08-614187-6		シ1-11	193	
199604	X文庫ホワイトハート	窓――WINDOW――　硝子の街にて (1)	柏枝真郷	茶屋町勝呂	4-06-255236-1		かB-02	247	
199604	X文庫ホワイトハート	失墜のミネルヴァ　禍つ姫の系譜 (1)	高瀬美恵	祐天寺あこ	4-06-255237-X		たA-20	296	
199604	X文庫ホワイトハート	幻惑の肖像　新・霊感探偵倶楽部	新田一実	笠井あゆみ	4-06-255238-8		にA-14	256	
199604	X文庫ホワイトハート	薔薇の妙薬　ヨヒアの国でいちばん美しい娘	森福都	石井みき	4-06-255241-8		もA-01	229	[第2回ホワイトハート大賞エンタテイメント部門＜優秀賞＞]
199604	X文庫ティーンズハート	ロンドン園遊会殺人事件 (上)	井上ほのか	瀬口恵子	4-06-199406-9		い1-7	259	旧整理番号：X95-17
199604	X文庫ティーンズハート	好きだ！	花井愛子	清水佳子	4-06-199465-4		X67-58	203	
199604	X文庫ティーンズハート	ルカ　17歳の罪と罰	神崎あおい	成瀬涼子	4-06-199466-2		X79-31	235	
199604	X文庫ティーンズハート	水の神話　ゾンビ・ウォッチャー	風見潤	日下部拓海	4-06-199467-0		か2-32	266	旧整理番号：X101-32
199604	X文庫ティーンズハート	あたしの好きな人を教えて！	小泉まりえ	小椋真空	4-06-199468-9		こ1-22	190	旧整理番号：X137-37
199604	X文庫ティーンズハート	あなたと一緒の夢をみてた	石井ゆうみ	岩崎まり子	4-06-199469-7		い2-12	201	旧整理番号：X162-22
199604	X文庫ティーンズハート	三日月のささやき	森美樹	北原菜里子	4-06-199470-0		X200-2	217	
199604	X文庫ティーンズハート	港が見える丘の怪人　ヨコハマ事件ファイル 2	ゆうきみすず	河内実加	4-06-199473-5		ゆ2-4	212	旧整理番号：X104-39
199604	X文庫ティーンズハート	リリカルタロット占い　生徒会長は2度死ぬ	夢乃愛子	樹山まみ	4-06-199478-6		X74-16	219	
199604	パレット文庫	続2 怪盗Jを探せ！	飯坂友佳子	飯坂友佳子	4-09-420225-0		い1-5	181	
199604	パレット文庫	NAOYA L-R	赤石路代	赤石路代	4-09-420252-8		あ3-2	198	
199604	パレット文庫	厚木ヶ丘高校シリーズ (2)　男子校★スクランブル	雨城まさみ	夏賀久美子	4-09-420692-2		あ9-2	201	
199604	キャンバス文庫	クリセニアン年代記 (8)　純白の花嫁	ひかわ玲子	おおや和美	4-09-430028-7		ひ1-8	235	
199604	キャンバス文庫	リスメイヤ　―邪姫流離編―	高瀬美恵	すもと亜夢	4-09-430138-0		た2-8	249	
199604	キャンバス文庫	真昼のコードレス・ボーイ　妖精保護官 (3)	岡野麻里安	新井理恵	4-09-430263-8		お1-3	255	
199604	キャンバス文庫	封殺鬼シリーズ (11)　花闇を抱きしもの (下)	霜島ケイ	西炯子	4-09-430321-9		し1-11	254	
199605	電撃文庫	五霊闘士オーキ伝 (4)　護法剣士閃翔！	土門弘幸	よしみる	4-07-304562-8	0116	と-3-4	298	
199605	電撃文庫	ファイナルカウントダウン	キミヤシゲル	山下しゅんや	4-07-304579-2	0115	き-1-1	235	
199605	富士見ファンタジア文庫	SMガールズ　セイバーマリオネットJ　3. 乙女の休日、乙女のやすらぎ	あかほりさとる	ことぶきつかさ	4-8291-2683-3	383	39-8	225	
199605	富士見ファンタジア文庫	メルヴィ＆カシム (5)　明日はきっと晴れ！	冴木忍	竹井正樹	4-8291-2684-1	384	32-20	246	
199605	富士見ファンタジア文庫	Ninja者	川口大介　原案：菅沼栄治	菅沼栄治	4-8291-2686-8	386	64-2	271	
199605	富士見ファンタジア文庫	それゆけ！宇宙戦艦ヤマモト・ヨーコopt.3　聖夜のユグドシラル	庄司卓	赤石沢貴士	4-8291-2687-6	387	35-21	229	
199605	角川スニーカー文庫	カラワンギ・サーガラ　(4) 神と人の物語	津守時生	小林智美	4-04-411709-8	10007	17-9	329	
199605	角川スニーカー文庫	魔神英雄伝ワタル外伝　虎ブルファンタジー	井内秀治	芦田豊雄	4-04-411811-6	10006	18-11	251	
199605	角川スニーカー・G文庫	空からの落とし物　ハイパーT&Tリプレイ	安田均		4-04-480507-5	10009	805-7	346	
199605	ソノラマ文庫	鬼哭。 (上)　―続・晴明。―	加門七海	橋本正枝	4-257-76775-8	775	か 5- 6	255	
199605	ソノラマ文庫	ギガミリオンの幸運　銀河冒険紀	岡本賢一	鈴木雅久	4-257-76778-2	778	お 3- 4	276	
199605	ソノラマ文庫	倒凶十将伝　巻之四	庄司卓	結賀さとる	4-257-76779-0	779	し 2- 4	208	
199605	ソノラマ文庫	聖刻1092　東方編 (5)　聖刻教会の陰謀	千葉暁	神宮寺一	4-257-76780-4	780	ち 1-13	245	
199605	エニックス文庫	ゲームブック ドラゴンクエストVI 幻の大地　1 幻の大地			4-8702-5880-3	EB65		318	
199605	エニックス文庫	ゲームブック ドラゴンクエストVI 幻の大地　2 失われたものを求めて			4-8702-5881-1	EB66		318	
199605	スーパーファンタジー文庫	オルフェ　―天使は闇で造られる―	花衣沙久羅	坂井久仁江	4-08-613218-4		か2-14	284	
199605	スーパーファンタジー文庫	異天見聞録　〜ワイルドでいこう〜	野間ゆかり	すずはら篠	4-08-613219-2		の1-4	233	
199605	スーパーファンタジー文庫	兇刃	藤原京	小野双葉	4-08-613220-6		ふ4-8	252	
199605	ゲーメストZ文庫	神創戦記エクサイマーZEO　白銀の勝者	大島栄次、水野隆志、M2	中村博文、八房龍之助	4-88199-228-7	005		250	
199605	C★NOVELS ファンタジア	ダイナマイト刑事 1	六道慧	嵯峨栗生	4-12-500398-X		り1-7	222	
199605	C★NOVELS ファンタジア	乱世の暗流　華陽国志 3	狩野あざみ		4-12-500406-4		か2-3	214	
199605	C★NOVELS ファンタジア	白狼綺伝　4 神狼記昔語り 狼の黒い旗	斉城昌美		4-12-500407-2		さ1-12	286	
199605	C★NOVELS ファンタジア	九竜捜査線　1 マインドチェイサーセカンドステージ	神無月ふみ		4-12-500408-0		か3-4	214	
199605	コバルト文庫	破妖の剣 5　翡翠の夢 3	前田珠子	厦門潤	4-08-614188-4		ま2-31	249	
199605	コバルト文庫	風雲縛魔伝 (5)　赤目銀杏の巻	桑原水菜	桑原祐子	4-08-614189-2		く5-26	221	
199605	コバルト文庫	龍は雲にひそむ	真堂樹	浅見侑	4-08-614190-6		し8-4	244	
199605	コバルト文庫	龍と魔法使い　公式ガイドブック	榎木洋子、後藤星		4-08-614191-4		え1-20	161	
199605	コバルト文庫	姫君と婚約者 3	高遠砂夜	赤坂RAM	4-08-614192-2		た13-9	237	
199605	コバルト文庫	楽園の魔女たち　〜とんでもない宝物〜	樹川さとみ	むっちりむうにい	4-08-614193-0		き5-7	308	
199605	コバルト文庫	ヴィシュバ・ノール変異譚　海賊王の宝の章 (後編)	水杜明珠	わかつきめぐみ	4-08-614194-9		み8-11	203	
199605	コバルト文庫	天の星　地の獣　―天帝譚―	藤原眞莉	藤原多恵	4-08-614195-7		ふ6-2	233	
199605	コバルト文庫	薔薇の聖燭　―祈りのエレミアン―	吉田縁	ミツルギアヤコ	4-08-614196-5		よ3-1	251	[第26回ノベル大賞＜佳作＞]
199605	コバルト文庫ピンキー	花より男子 7	竹内志麻子　原作：神尾葉子		4-08-614197-3		タ3-8	221	
199605	X文庫ホワイトハート	鬼哭―KIKOKU―　鬼の風水(5)	岡野麻里安	金ひかる	4-06-255239-6		おB-17	289	
199605	X文庫ホワイトハート	氷中の琥珀姫　プラパ・ゼータ外伝　金色の魔道公子 (1)	流星香	片山愁	4-06-255240-X		なB-19	267	
199605	X文庫ティーンズハート	《女帝》1995　運命のタロット（12）	皆川ゆか	乱魔猫吉	4-06-199471-9		み1-12	283	旧整理番号：X78-32
199605	X文庫ティーンズハート	抱きしめてつかまえて	秋野ひとみ	赤羽みちえ	4-06-199472-7		あ1-7	247	旧整理番号：X99-61
199605	X文庫ティーンズハート	電話のベルが鳴らない	若林真紀	糸井美和	4-06-199474-3		わ1-10	229	旧整理番号：X108-42
199605	X文庫ティーンズハート	幸福の国の18才	小林深雪	牧村久実	4-06-199475-1		こ2-42	215	旧整理番号：X154-42
199605	X文庫ティーンズハート	男の子はみんな　誘惑の放課後	小川夏野	森尾理奈	4-06-199476-X		お3-9	246	旧整理番号：X184-9
199605	X文庫ティーンズハート	モノトーンガールズ	月森花子	やなせれーこ	4-06-199477-8		X203-1	200	
199605	パレット文庫	シークレット・ホリデイ　ワンダーBOY (5)	秋月こお	沖麻実也	4-09-420605-1		あ8-5	204	
199605	パレット文庫	僕らのシンドバッド革命　聖ミラン学園物語 (4)	七海花音	みずき健	4-09-420614-0		な3-4	201	
199605	パレット文庫	僕達の砂時計　泉＆由鷹シリーズ (11)	あさぎり夕	あさぎり夕	4-09-420712-0		あ6-12	204	
199605	キャンバス文庫	楽園をこえて	菊池早苗	佐々木淳子	4-09-430235-2		き1-5	249	
199605	キャンバス文庫	彼方へ　一角獣奇譚	秋月達郎	田村由美	4-09-430331-6		あ2-1	249	
199606	電撃文庫	神王伝説クリスタニア <下>	白井英　原作：水野良	宝谷幸稔	4-07-304680-2	0118	し-4-2	242	
199606	電撃文庫	狂科学ハンターREI	中里融司	小畑健	4-07-304763-9	0121	な-2-3	255	
199606	電撃文庫	新フォーチュン・クエスト (3)　偽りの王女	深沢美潮	迎夏生	4-07-304770-1	0119	ふ-1-3	267	
199606	電撃ゲーム文庫	D&Dゲームシナリオ 3　ナイツ・ダーク・テラー　―黒い夜の恐怖―	編：TSR.Inc.　訳：安田均、グループSNE		4-07-304585-7	0117	G-1-9	520	
199606	富士見ファンタジア文庫	蓬莱学園の革命！ 1	新城十馬	美樹本晴彦	4-8291-2581-0	281	33-6	442	
199606	富士見ファンタジア文庫	魔術士オーフェン・無謀編 (2)　馬鹿は一人でたくさんだ！	秋田禎信	草河遊也	4-8291-2685-X	385	40-9	253	
199606	富士見ファンタジア文庫	必殺 お捜し人　白蛇の迷宮	小林めぐみ	ひさいちよしき	4-8291-2688-4	388	30-10	260	
199606	富士見ファンタジア文庫	無責任カルテット (3)　邪教殲滅	吉岡平	平田智浩	4-8291-2689-2	389	11-35	243	
199606	富士見ファンタジア文庫	魔法少女プリティサミー　秋葉原闘争編 (上)	黒田洋介	羽音たらく (スタジオオルフェ)、ひろりん	4-8291-2690-6	390	45-10	214	
199606	角川スニーカー文庫	魔獣戦記ネオ・ヴァルガー　(5) 急転	秋津透	平野俊弘	4-04-410521-9	10032	5-6	216	
199606	角川スニーカー文庫	シェアード・ワールド・ノベルズ　妖魔夜行　魔獣めざめる	伏見健二、高井信、山本弘	青木邦夫	4-04-415206-3	10008	52-6	272	
199606	角川スニーカー文庫	機動武闘伝Gガンダム　流動の章	鈴木良武		4-04-416502-5	10028	0-29	231	旧整理番号：65-2
199606	角川スニーカー文庫	エレニア記 II　ルビーの騎士	デーヴィット・エディングス　訳：嶋田洋一		4-04-417303-6	10033	73-3	564	
199606	角川スニーカー文庫	ルナル・ジェネレーション　1 月の夜は謎を追え!	友野詳	西村博之	4-04-460816-4	10031	608-21	292	
199606	角川スニーカー・G文庫	ロードス島RPGエキスパートルール	安田均、水野良、高山浩		4-04-488505-2	10010	885-5	399	
199606	ファミ通ゲーム文庫	スーパーマリオ ヨッシーアイランド			4-89366-527-8	LB-124	げ-1	234	ゲームブック
199606	ファミ通ゲーム文庫	スーパードンキーコング2 ディクシー＆ディディー			4-89366-528-6	LB-125	げ-2	251	ゲームブック
199606	ソノラマ文庫	鬼哭。 (下)　―続・晴明。―	加門七海	橋本正枝	4-257-76782-0	782	か 5- 7	319	
199606	スーパーファンタジー文庫	暗夜鬼譚　紫花玉響 (前編)	瀬川貴次	華不魅	4-08-613221-4		せ1-16	202	
199606	スーパーファンタジー文庫	スターウィザード 5	丘野ゆうじ	四位広猫	4-08-613222-2		お1-22	276	
199606	スーパーファンタジー文庫	国立探偵江戸川乱子の挑戦	舞阪洸	石田走	4-08-613223-0		ま2-9	250	
199606	スーパークエスト文庫	聖剣エクスカリバー VOL.4旋風のイゾルテ	渓由葵夫	木村明広	4-09-440364-7		た3-4	195	
199606	スーパークエスト文庫	悪魔くん千年王国 VOL.2　承の巻	飯野文彦　原作：水木しげる	水木しげる	4-09-440442-2		み1-2	192	
199606	ガンマ文庫	ツイン・ハウンド	桜川寿	うたたねひろゆき、MEE	4-8124-0073-2		6-1	190	
199606	コバルト文庫	ピタゴラスの恋愛定理	日向章一郎	竹田やよい	4-08-614198-1		ひ2-45	199	
199606	コバルト文庫	カウス＝ルー大陸史・空の牙　華烙の群れ	響野夏菜	石堂まゆ	4-08-614199-X		ひ5-18	250	
199606	コバルト文庫	龍と魔法使い (8)	榎木洋子	後藤星	4-08-614200-7		え1-21	202	
199606	コバルト文庫	大江戸ロマネスク　恋姫たちは眠れない	山浦弘靖	市居りさ	4-08-614201-5		や1-62	254	
199606	コバルト文庫	薔薇の剣　薔薇は復讐の印	ゆうきりん	珠黎皐夕	4-08-614202-3		ゆ4-11	257	
199606	コバルト文庫	ブローデル国物語　氷の肖像	橘香いくの	江ノ本瞳	4-08-614203-1		た14-3	301	
199606	コバルト文庫	夢の冠　白の闇	松本祐子	星崎龍	4-08-614204-X		ま5-4	231	
199606	コバルト文庫	ぼくを呼ぶ声	茅野泉	藤たまき	4-08-614205-8		か6-2	237	
199606	コバルト文庫ピンキー	学園おさわがせ隊　見えない敵を追え!!	カトリーヌあやこ、落合ゆかり	カトリーヌあやこ	4-08-614206-6		カ1-5	198	
199606	コバルト文庫ピンキー	こどものおもちゃ 1	高橋良輔　原作：小花美穂		4-08-614207-4		タ05-1	201	
199606	X文庫ホワイトハート	ロマンスの震源地	新堂奈槻	麻々原絵里依	4-06-255242-6		しA-01	202	
199606	X文庫ホワイトハート	風読みの塔　イスカンダル異聞	鷹守諌也	浅見侑	4-06-255243-4		たC-03	345	
199606	X文庫ホワイトハート	空色の花	たけうちりうと	ビリー高橋	4-06-255244-2		たB-07	216	
199606	X文庫ホワイトハート	緑の人形使い　隣界ハンター (2)	飛沢磨利子	四位広猫	4-06-255245-0		ひC-05	262	
199606	X文庫ティーンズハート	もう一度「好き」って言わせてください！	小泉まりえ	小椋真空	4-06-199479-4		こ1-23	191	旧整理番号：X137-38
199606	X文庫ティーンズハート	ロンドン園遊会殺人事件 (下)	井上ほのか	瀬口恵子	4-06-199480-8		い1-8	362	旧整理番号：X95-18
199606	X文庫ティーンズハート	キスっていいね	石井ゆうみ	岩崎まり子	4-06-199481-6		い2-13	234	旧整理番号：X162-23
199606	X文庫ティーンズハート	ミスティ	花井愛子	三浦実子	4-06-199482-4		X67-59	251	
199606	X文庫ティーンズハート	ようこそぼくらのプリンセス	高林真夏	岡本慶子	4-06-199483-2		X202-2	201	
199606	X文庫ティーンズハート	ふざけんな！	萌木智佳	やまだないと	4-06-199484-0		も2-1	251	旧整理番号：X204-1
199606	レモン文庫	渋谷Ｂまでの距離	是方那穂子		4-05-400555-1	114	こ-2	222	
199606	パレット文庫	いいことしようよ！	西崎めぐみ	長谷部百合	4-09-420190-4		に1-10	200	
199606	パレット文庫	君に逢いたい　STRAY BOYS物語 (2)	夏樹碧	四位広猫	4-09-420636-1		な4-6	199	
199606	パレット文庫	厚木ヶ丘高校シリーズ (3)　DEAD ZONE	雨城まさみ	夏賀久美子	4-09-420693-0		あ9-3	199	
199606	キャンバス文庫	追憶の行方	新田一実	真木しょうこ	4-09-430198-4		に1-15	237	
199606	ウィングス・ノヴェルス	想到の刻	森山櫂	佐野真砂輝、わたなべ京	4-403-64032-X			291	
199607	電撃文庫	ソーサラー狩り　爆れつハンター Special (2)	あかほりさとる	臣士れい	4-07-304786-8	0120	あ-1-8	191	
199607	電撃文庫	疾風の剣セント・クレイモア　傭兵レト−新たなる旅立ち	榊涼介	石田走	4-07-304852-X	0123	さ-1-5	302	
199607	電撃文庫	真時空伝説ガルキーバ <上>	金巻兼一	平井久司	4-07-304875-9	0124	か-3-1	231	
199607	電撃文庫	聖・八犬伝 巻之四　庚申山の怪猫	鳥海永行	西村博之	4-07-304881-3	0125	と-1-7	277	
199607	富士見ファンタジア文庫	ソード・ワールド・ノベル　果てしなき宝島	安田均、高井信	草なぎ琢仁	4-8291-2691-4	391	21-28	259	
199607	富士見ファンタジア文庫	バトルテック・ノベル　脱出！独立愚連隊	黒田和人	るりあ046	4-8291-2692-2	392	55-3	204	
199607	富士見ファンタジア文庫	スレイヤーズ 11　クリムゾンの妄執	神坂一	あらいずみるい	4-8291-2693-0	393	20-23	252	
199607	富士見ファンタジア文庫	SMガールズ　セイバーマリオネットR　2. 結婚前夜	長谷川勝己　原案：あかほりさとる、ねぎしひろし	黒田和也	4-8291-2694-9	394	39-9	240	
199607	角川スニーカー文庫	ラングリッサー III (上)	紙井中	うるし原智志	4-04-415903-3	10069	59-3	277	
199607	角川スニーカー文庫	超兄貴	三浦徹也		4-04-417103-3	10073	71-3	245	
199607	角川スニーカー文庫	カード・ギャラリー　生命の水	出渕裕		4-04-417502-0		75-2		
199607	角川スニーカー文庫	野を馳せる風のごとく	花田一三六	米田仁士	4-04-417601-9	10062	76-1	277	
199607	角川スニーカー文庫	新機動戦記ガンダムW operation 1　始動	神代創　原作：矢立肇、富野由悠季	美樹本晴彦	4-04-417701-5	10061	0-31	241	旧整理番号：77-1
199607	角川スニーカー文庫	失われた雷霆鞭　チキチキ美少女神仙伝！ (1)	嬉野秋彦	せたのりやす	4-04-417801-1	10068	78-1	273	
199607	角川スニーカー文庫	ロードス島伝説 2　天空の騎士	水野良	山田章博	4-04-460416-9	10067	604-10	248	旧整理番号：604-16
199607	角川スニーカー・G文庫	騒げ、悪党たち！　ガープス・コクーン・アドベンチャー	小川直人、グループSNE		4-04-488304-1	10074	883-4	288	
199607	ログアウト冒険文庫	真・女神転生　エル・セイラム [4]	西谷史	相崎直美	4-89366-544-8	LB-128		252	
199607	ファミ通ゲーム文庫	イース外伝　滅びしものの幻影	大場惑		4-89366-542-1	LB-126	お1-11	220	
199607	ファミ通ゲーム文庫	小説・サムライスピリッツ 斬紅郎無双剣	いさき玲衣	土屋杏子	4-89366-543-X	LB-127	い2-4	217	
199607	ソノラマ文庫	雷撃の守護天使　バウンティハンター・ローズ 1	巌宏士	荻原玲二	4-257-76781-2	781	い 6- 1	274	
199607	ソノラマ文庫	ARIEL (11)	笹本祐一	鈴木雅久	4-257-76783-9	783	さ 2-22	267	
199607	エニックス文庫	ゲームブック ドラゴンクエストVI 幻の大地　3 封じられた伝説			4-8702-5891-9	EB67		318	
199607	エニックス文庫	ゲームブック ドラゴンクエストVI 幻の大地　4 最後の決戦			4-8702-5892-7	EB68		318	
199607	スーパーファンタジー文庫	暗夜鬼譚　紫花玉響 (後編)	瀬川貴次	華不魅	4-08-613224-9		せ1-17	222	
199607	スーパーファンタジー文庫	誓　〜チャイナタウン・ブルース〜	立原とうや	氷栗優	4-08-613225-7		た5-4	293	
199607	スーパーファンタジー文庫	虹の迷宮　〜彼らのつかむ夢の色〜	柴田明美	高群保	4-08-613226-5		し3-2	279	
199607	スーパークエスト文庫	カラーズ VOL.3	和智正喜	小野敏洋	4-09-440383-3		わ1-9	193	
199607	ゲーメストZ文庫	ストリートファイターII 2　ロンドン・クライシス	いさき玲衣	大貫健一	4-88199-260-0	007		264	
199607	C★NOVELS ファンタジア	蝶々夫人の事件簿 2	六道慧		4-12-500415-3		り1-8	222	
199607	C★NOVELS ファンタジア	九竜捜査線　2 マインドチェイサーセカンドステージ	神無月ふみ		4-12-500416-1		か3-5	206	
199607	C★NOVELS ファンタジア	憂愁の妃将軍　デルフィニア戦記 10	茅田砂胡	沖麻実也	4-12-500417-X		か1-10	238	
199607	C★NOVELS ファンタジア	権謀の大地　華陽国志 4	狩野あざみ		4-12-500418-8		か2-4	214	
199607	C★NOVELS ファンタジア	白狼綺伝　5 神狼記昔語り 獣神たちの夏	斉城昌美		4-12-500419-6		さ1-13	310	
199607	C★NOVELS ファンタジア	蒼き森・失楽園　ブルーフォレスト物語 1	伏見健二		4-12-500421-8		ふ1-5	226	
199607	C★NOVELS ファンタジア	聖刻群狼伝 1　西方大陸篇	千葉暁	藤井英俊	4-12-500422-6		ち1-1	222	
199607	コバルト文庫	忘れじの吸血鬼	赤川次郎	長尾治	4-08-614208-2		あ1-19	216	
199607	コバルト文庫	禁断のウィスパー　摩天楼の少女II	さいきなおこ	さいきなおこ	4-08-614209-0		さ6-11	280	
199607	コバルト文庫	シンデレラは床みがき	金蓮花	雁川せゆ	4-08-614210-4		き6-9	252	
199607	コバルト文庫	きっと君のそばにいる　〜飛鳥夢紀行〜	倉本由布	本田恵子	4-08-614211-2		く2-39	261	
199607	コバルト文庫	ブルー・ブラッド	須賀しのぶ	梶原にき	4-08-614212-0		す5-6	270	
199607	コバルト文庫	標的―ターゲット―	綾乃なつき	秋篠たつき	4-08-614213-9		あ9-6	253	
199607	コバルト文庫	東京ANGEL　永遠のセレネ	本沢みなみ	宏橋昌水	4-08-614214-7		ほ3-3	230	
199607	コバルト文庫	聖戦記KAZUMA	藤上貴矢	高月悟里	4-08-614215-5		ふ7-3	236	
199607	コバルト文庫	女神さまのお気の向くまま 2	前田珠子	辻よしみ	4-08-614217-1		ま2-32	267	
199607	コバルト文庫ピンキー	花より男子 8	竹内志麻子　原作：神尾葉子		4-08-614216-3		タ3-9	220	
199607	X文庫ホワイトハート	背徳のオイディプス	仙道はるか	沢路きえ	4-06-255246-9		せB-02	283	
199607	X文庫ホワイトハート	白昼のエンジェル　禍つ姫の系譜 (2)	高瀬美恵	祐天寺あこ	4-06-255247-7		たA-21	240	
199607	X文庫ホワイトハート	涯なき呪詛の闇　新・霊感探偵倶楽部	新田一実	笠井あゆみ	4-06-255248-5		にA-15	272	
199607	X文庫ホワイトハート	さよならは言わない	斉木晶子	石田育絵	4-06-255254-X		さC-01	189	[第3回ホワイトハート大賞恋愛・青春小説部門＜佳作＞]
199607	X文庫ティーンズハート	涙のあとでつかまえて	秋野ひとみ	赤羽みちえ	4-06-199485-9		あ1-8	242	旧整理番号：X99-62
199607	X文庫ティーンズハート	バリ島幽霊事件	風見潤	かやまゆみ	4-06-199486-7		か2-33	247	旧整理番号：X101-33
199607	X文庫ティーンズハート	モモの初恋物語　お兄ちゃんにはないしょだよ	青山えりか	長嶋めぐみ	4-06-199487-5		あ2-16	219	旧整理番号：X114-34
199607	X文庫ティーンズハート	エトランゼに花束　あたしのエイリアンEX	津原やすみ	新井葉月	4-06-199488-3		つ1-6	189	旧整理番号：X118-26
199607	X文庫ティーンズハート	ポストカード・ブック　暑中お見舞い申し上げます	小林深雪	牧村久実	4-06-199489-1		こ2-43	95	旧整理番号：X154-43
199607	X文庫ティーンズハート	スノードロップ	森美樹	北原菜里子	4-06-199490-5		X200-3	198	
199607	X文庫ティーンズハート	さよなら、夏の訪問者	久木彩	藤枝とおる	4-06-199491-3		X205-1	252	
199607	X文庫ティーンズハート	ボクがいる	花井愛子	清水佳子	4-06-199492-1		X67-60	251	
199607	X文庫ティーンズハート	私の星の王子サマ	林葉直子	ジョージ朝倉	4-06-199494-8		は2-16	193	旧整理番号：X77-32
199607	パレット文庫	レーシングジェネレーション 4	川原つばさ	かんべあきら	4-09-420594-2		か2-4	187	
199607	パレット文庫	僕達の迷い道　泉＆由鷹シリーズ (12)	あさぎり夕	あさぎり夕	4-09-420713-9		あ6-13	204	
199607	パレット文庫	秀麗学院高校物語　片翼飛行少年	七海花音	おおや和美	4-09-420721-X		な3-5	201	
199607	パレット文庫	運命の女神がウインク	夏木ひまわり	葉月暘子	4-09-420731-7		な6-1	201	
199607	キャンバス文庫	リスメイヤ　―外道戦記編―	高瀬美恵	すもと亜夢	4-09-430139-9		た2-9	254	
199607	ウィングス・ノヴェルス	HARD LUCK 3　SANTA BABY	菅野彰	松崎司	4-403-64033-8			279	
199608	電撃文庫	シバルバー (1)　封土への下降	篠崎砂美	木村明広	4-07-304869-4	0122	し-3-2	254	
199608	電撃文庫	ソーサラー狩り　爆れつハンター Special (3)	あかほりさとる	臣士れい	4-07-305001-X	0131	あ-1-9	200	
199608	電撃文庫	邪鬼が来る！	谷登志雄	草河遊也	4-07-305024-9	0126	た-4-1	321	
199608	電撃文庫	小説　央華封神 (1)　燃える星の宿命	友野詳	田辺雄一郎	4-07-305030-3	0129	と-5-1	240	
199608	電撃文庫	ゴクドーくん漫遊記外伝 (4)　王子と叔父貴とおかしなヤツら	中村うさぎ	桐嶋たける	4-07-305047-8	0128	な-1-6	337	原題:極道くん漫遊記外伝
199608	電撃文庫	さらば愛しき大久保町	田中哲弥	此路あゆみ	4-8402-0504-3	0127	た-1-3	337	
199608	富士見ファンタジア文庫	月蝕紀列伝 1　氷刃のフレオリック	南房秀久	沢田一	4-8291-2695-7	395	68-2	250	
199608	富士見ファンタジア文庫	究極蛮人ダンジョーV　巻の3	秋津透	こばやしひよこ	4-8291-2696-5	396	15-8	266	
199608	富士見ファンタジア文庫	魔術士オーフェンはぐれ旅　我が遺志を伝えよ魔王	秋田禎信	草河遊也	4-8291-2697-3	397	40-10	250	
199608	富士見ファンタジア文庫	ランドロック (上)　紅き旅立ち編	オルカ	士郎正宗、光岡成一、吉江耕祐	4-8291-2698-1	398	72-1	221	
199608	富士見ファンタジア文庫	それゆけ！宇宙戦艦ヤマモト・ヨーコ (7)　雲の上のファウンテン	庄司卓	赤石沢貴士	4-8291-2699-X	399	35-22	279	
199608	角川スニーカー文庫	魔幻境綺譚　(3) 冥界の門	ひかわ玲子	うめつゆきのり	4-04-412207-5	10095	22-7	232	
199608	角川スニーカー文庫	天空戦記シュラト　6 刹摩哀史	あかほりさとる		4-04-412719-0	10114	27-12	287	
199608	角川スニーカー文庫	新☆魔導物語 1　アルルとおとぎの国	山本剛	壱	4-04-415604-2	10096	56-4	282	
199608	角川スニーカー文庫	エレニア記 III　サファイアの薔薇 上	デーヴィット・エディングス　訳：嶋田洋一		4-04-417304-4	10097	73-4	420	
199608	角川スニーカー文庫	エレニア記 III　サファイアの薔薇 下	デーヴィット・エディングス　訳：嶋田洋一		4-04-417305-2	10098	73-5	421	
199608	角川スニーカー文庫	アビス・ワールド　2 冥土に羽ばたく冒険者	友野詳　原案：安田均	弘司	4-04-460817-2	10070	608-8	259	
199608	角川スニーカー文庫	ハイパーT&Tノベル　ドラゴン大陸興亡記 II　竜の冥界	安田均、北沢慶		4-04-461502-0	10111	615-2	306	
199608	ファミ通ゲーム文庫	ポケットモンスター	エムズカンパニー		4-89366-562-6	LB-129	げ-3	250	ゲームブック
199608	ファミ通ゲーム文庫	星のカービィ スーパーデラックス	エムズカンパニー		4-89366-563-4	LB-130	げ-4	249	ゲームブック
199608	ファミ通ゲーム文庫	バハムートラグーン カーナ騎士団	高城響		4-89366-564-2	LB-131	た5-5	238	
199608	ファミ通ゲーム文庫	ファイアーエムブレム　聖戦の系譜	鈴木銀一郎		4-89366-565-0	LB-132	す4-3	233	
199608	ソノラマ文庫	ピルグリム　かたゆでマック 7	藤原征矢	合田浩章	4-257-76773-1	773	ふ 4-10	295	
199608	ソノラマ文庫	電脳天使	彩院忍	岡崎武士	4-257-76785-5	785	さ 3- 1	300	[第1回ソノラマ文庫大賞＜佳作＞]
199608	エニックス文庫	ゲームブック 天地創造			4-8702-5904-4	EB69		318	
199608	スーパーファンタジー文庫	倭―YAMATO―　俺たちの創世記	花衣沙久羅	石堂まゆ、他	4-08-613227-3		か2-15	217	
199608	スーパーファンタジー文庫	月華伝奇	瀬川貴次	久野蒼	4-08-613228-1		せ1-18	220	
199608	スーパーファンタジー文庫	KINGDOM (4)　〜凶星VS魔性	七穂美也子	星崎龍	4-08-613229-X		な2-9	234	
199608	スーパーファンタジー文庫	PRAY　〜祈りの守護者〜	野間ゆかり	かんべあきら	4-08-613230-3		の1-5	216	
199608	徳間AM文庫	神秘の世界エルハザード 外伝 I　炎を継ぐもの	倉田英之　原案：林宏樹	つぶらひでとも、たかしたたかし	4-19-900026-7		K1-3	236	
199608	ガンマ文庫	神秘の世界エルハザード　幻書伝 紅の書	健部伸明、桑原忍	宮越和草、中沢一登	4-8124-0185-2		1-3	222	
199608	コバルト文庫	炎の蜃気楼 (20)　十字架を抱いて眠れ	桑原水菜	浜田翔子	4-08-614218-X		く5-27	212	
199608	コバルト文庫	ハイスクール・オーラバスター　アーケイディア	若木未生	杜真琴	4-08-614219-8		わ1-22	252	
199608	コバルト文庫	破妖の剣 5　翡翠の夢 4	前田珠子	厦門潤	4-08-614220-1		ま2-33	263	
199608	コバルト文庫	龍と魔法使い (9)	榎木洋子	後藤星	4-08-614221-X		え1-22	204	
199608	コバルト文庫	錦繍打鈴　銀葉亭茶話	金蓮花	青樹綛	4-08-614222-8		き6-10	231	
199608	コバルト文庫	龍は炎帝を追う	真堂樹	浅見侑	4-08-614223-6		し8-5	242	
199608	コバルト文庫	姫君と婚約者 4	高遠砂夜	赤坂RAM	4-08-614224-4		た13-10	252	
199608	コバルト文庫	夢の宮　〜亞心王物語〜 (下)	今野緒雪	波津彬子	4-08-614225-2		こ7-8	234	
199608	コバルト文庫ピンキー	こどものおもちゃ 2	高橋良輔　原作：小花美穂		4-08-614226-0		タ05-2	205	
199608	コバルト文庫ピンキー	ご近所物語 3	下川香苗　原作：矢沢あい		4-08-614227-9		シ1-12	195	
199608	X文庫ホワイトハート	追儺―TSUINA―　鬼の風水 (6)	岡野麻里安	金ひかる	4-06-255250-7		おB-18	296	
199608	X文庫ホワイトハート	架空未来図　アキラ・プラーナ	小沢淳	碧ゆかこ	4-06-255251-5		おA-20	214	
199608	X文庫ホワイトハート	古代神の末裔　プラパ・ゼータ外伝　金色の魔道公子 (2)	流星香	片山愁	4-06-255252-3		なB-20	264	
199608	X文庫ホワイトハート	グラヴィスの封印　真ハラーマ戦記 (1)	ひかわ玲子	由羅カイリ	4-06-255253-1		ひB-09	257	
199608	X文庫ティーンズハート	《女教皇》は未来を示す　運命のタロット（13）	皆川ゆか	乱魔猫吉	4-06-199493-X		み1-13	315	旧整理番号：X78-33
199608	X文庫ティーンズハート	薔薇色の肖像に一目惚れのロンドが聞こえる	ゆうきみすず	河内実加	4-06-199495-6		ゆ2-5	214	旧整理番号：X104-40
199608	X文庫ティーンズハート	気持ちを伝えられなくて…	若林真紀	桑木砂織	4-06-199496-4		わ1-11	205	旧整理番号：X108-43
199608	X文庫ティーンズハート	マーメイド・ぱにっく (1)	小泉まりえ	武内直子	4-06-199497-2		こ1-24	187	旧整理番号：X137-39
199608	X文庫ティーンズハート	はるかのウルルン事件簿	亜沙木るか	真柴ひろみ	4-06-199498-0		X199-3	204	
199608	パレット文庫	愛しき君に　STRAY BOYS物語 (3)	夏樹碧	四位広猫	4-09-420637-X		な4-7	199	
199608	パレット文庫	クリムゾン・エンジェル	武内昌美	武内昌美	4-09-420663-9		た2-13	204	
199608	パレット文庫	嘘、罠、そしてKISS	広田奈央	夢野まこと	4-09-420741-4		ひ1-1	199	
199608	パレット文庫	サンライズウインド	水星さつき	高田りえ	4-09-420751-1		み1-1	201	
199608	キャンバス文庫	女王陛下シリーズ［第二部］第三巻　白虎咆哮	秋津透	藤田和子	4-09-430008-2		あ1-8	233	
199608	キャンバス文庫	クリセニアン年代記 (9)　緋の逃避行	ひかわ玲子	おおや和美	4-09-430029-5		ひ1-9	241	
199608	キャンバス文庫	人媒花シリーズ (2)　ローズマリーがささやく	麻城ゆう	高田明美	4-09-430282-4		ま2-2	251	
199608	キャンバス文庫	黄昏の扉　不死人の伝説 2	白城るた	天野喜孝	4-09-430312-X		し3-2	235	
199608	キャンバス文庫	聖蛇の末裔	あさぎり夕	あさぎり夕	4-09-430341-3		あ3-1	258	
199609	電撃文庫	メルティランサー　夏の蜃気楼	山下卓	加藤泰久	4-07-305099-0	0132	や-1-1	291	
199609	電撃文庫	結婚　〜Marriage〜　いつかあなたと…	大倉らいた	高乗陽子	4-07-305113-X	0134	お-2-2	271	
199609	電撃文庫	デュアン・サーク (1)　魔女の森 <上>	深沢美潮	おときたたかお	4-8402-0510-8	0133	ふ-1-4	205	
199609	富士見ファンタジア文庫	封仙娘娘追宝録 3　泥を操るいくじなし	ろくごまるに	ひさいちよしき	4-8291-2700-7	400	51-4	253	
199609	富士見ファンタジア文庫	シャドウラン・ノベル First Run　漆黒の戦鬼	江川晃	士貴智志	4-8291-2701-5	401	73-1	288	
199609	富士見ファンタジア文庫	蓬莱学園−部活編　騎馬っていこう！	新城十馬、賀東招二、雑破業	井上純弌、末広雅里、美樹本晴彦	4-8291-2702-3	402	33-9	252	
199609	富士見ファンタジア文庫	ダンシングウィスパーズ 5　戸惑う人形たち	庄司卓	田沼雄一郎	4-8291-2703-1	403	35-23	220	
199609	富士見ファンタジア文庫	天地無用！魎皇鬼　サルでもできる世界征服	長谷川菜穂子	大和田直之	4-8291-2704-X	404	45-11	218	
199609	角川スニーカー文庫	ゴクドーくん漫遊記 8	中村うさぎ	桐嶋たける	4-04-412508-2	10137	25-8	221	原題：極道くん漫遊記 VIII
199609	角川スニーカー文庫	MAZE☆爆熱時空　6. 感激故郷の大異変	あかほりさとる	菅沼栄治	4-04-412720-4	10133	27-28	208	
199609	角川スニーカー文庫	時代の巫子　1 青竜、目覚める	麻城ゆう	ゆうき未来	4-04-412812-X	10138	28-9	235	
199609	角川スニーカー文庫	夢天幻想譚　3 紅蓮、天地燃ゆ	冴木忍	相沢美良	4-04-413812-5	10135	38-12	210	
199609	角川スニーカー文庫	新機動戦記ガンダムW operation 2　矜持	神代創　原作：矢立肇、富野由悠季	美樹本晴彦	4-04-417702-3	10134	0-32	241	旧整理番号：77-2
199609	角川スニーカー・G文庫	ガープス・妖魔夜行リプレイ　東京クライシス	山本弘、グループSNE	青木邦夫	4-04-461434-2	10140	882-6	275	
199609	角川スニーカー・G文庫	コクーン・ワールド・ライブノベル	小川直人　原案：安田均、友野詳		4-04-488305-X	10139	883-5	243	
199609	ファミ通文庫	真・女神転生デビルサマナー外伝　鎮魂の哀歌	涼風涼	金子一馬、副島成記	4-89366-578-2	44	M4 1-1	254	ファミ通ゲーム文庫LB-135,す5-1
199609	ファミ通文庫	バイストン・ウェル物語　ガーゼィの翼 4	富野由悠季	末弥純	4-89366-579-0	34	と1 1-4	250	ログアウト冒険文庫LB-136
199609	ファミ通ゲーム文庫	サターンボンバーマン			4-89366-576-6	LB-133	げ-5	249	ゲームブック
199609	ファミ通ゲーム文庫	大貝獣物語 2			4-89366-577-4	LB-134	げ-6	229	ゲームブック
199609	ソノラマ文庫	おさわがせユニバース	鴉紋洋	弘司	4-257-76784-7	784	あ 3-19	285	
199609	ソノラマ文庫	倒凶十将伝　巻之五	庄司卓	結賀さとる	4-257-76787-1	787	し 2- 5	238	
199609	ソノラマ文庫	学園祭破天荒	稲元おさむ	大橋薫	4-257-76788-X	788	い 4- 1	280	
199609	ソノラマ文庫	剣の聖刻年代記 (1)　黒き鉄の進軍	日下部匡俊	岡崎武士	4-257-76789-8	789	く 1- 1	280	
199609	スーパーファンタジー文庫	風の城	海之森凛	須賀邦彦	4-08-613153-6		う2-1	232	
199609	スーパーファンタジー文庫	倭―YAMATO―　俺たちの創世記 2	花衣沙久羅	石堂まゆ、他	4-08-613231-1		か2-16	232	
199609	スーパーファンタジー文庫	骨喰島	藤原京	小野双葉	4-08-613232-X		ふ4-9	248	
199609	スーパーファンタジー文庫	島	小林栗奈	山村路	4-08-613233-8		こ3-2	234	
199609	スーパークエスト文庫	マジカル・シティ・ナイト VOL.5　ベンを探せ！	朝松健	義仲翔子	4-09-440375-2		あ1-5	223	
199609	スーパークエスト文庫	コリオリの共時態 VOL.1　破滅へのプログラム	小峰和徳	小林智美、中井覚	4-09-440471-6		こ4-1	250	
199609	スーパークエスト文庫	コリオリの共時態 VOL.2　覚醒へのリミット	小峰和徳	小林智美、中井覚	4-09-440472-4		こ4-2	254	
199609	ガンマ文庫	業・影技	渡辺大祐　原作：岡田芽武	岡田芽武	4-8124-0136-4		2-2	235	
199609	ガンマ文庫	TWIN TRAP 1	あきみれい	うたたねひろゆき	4-8124-0137-2		7-1	221	
199609	ガンマ文庫	神秘の世界エルハザード　幻書伝 翠の書	行雲斎流水、桑原忍	宮越和草、中沢一登	4-8124-0215-8		1-4	200	
199609	C★NOVELS ファンタジア	神狼記　6 英雄たちの伝説	斉城昌美		4-12-500430-7		さ1-14	294	
199609	C★NOVELS ファンタジア	五王戦国志　5 凶星篇	井上祐美子		4-12-500431-5		い1-5	213	
199609	C★NOVELS ファンタジア	遠い約束　1 マインドチェイサーサードステージ	神無月ふみ		4-12-500434-X		か3-6	214	
199609	C★NOVELS ファンタジア	天と地の娘	篠田真由美		4-12-500435-8		し1-1	214	
199609	コバルト文庫	へびつかい座の恋愛課外授業	日向章一郎	みずき健	4-08-614228-7		ひ2-46	213	
199609	コバルト文庫	雨の音州秘聞　闇灯篭心中　吹雪の章	響野夏菜	沖麻実也	4-08-614229-5		ひ5-19	277	
199609	コバルト文庫	大江戸ロマネスク　恋姫たちは涙をみせない	山浦弘靖	市居りさ	4-08-614230-9		や1-63	267	
199609	コバルト文庫	いきなりミーハーおさわがせ隊!!	カトリーヌあやこ、落合ゆかり	カトリーヌあやこ	4-08-614231-7		か3-16	175	
199609	コバルト文庫	楽園の魔女たち　〜七日間だけの恋人〜	樹川さとみ	むっちりむうにい	4-08-614232-5		き5-8	298	
199609	コバルト文庫	キル・ゾーン　嘘	須賀しのぶ	梶原にき	4-08-614233-3		す5-7	246	
199609	コバルト文庫	風のめぐる時を	藤原眞莉	藤原多恵	4-08-614234-1		ふ6-3	300	
199609	コバルト文庫	りんご畑の樹の下で	香山暁子	耒世可恋	4-08-614235-X		か7-2	316	
199609	コバルト文庫	DEARS　〜真夏の幸福〜	浩祥まきこ	穂波ゆきね	4-08-614236-8		こ8-1	221	[第26回ノベル大賞＜読者大賞＞]
199609	コバルト文庫	薔薇月夜のプリンセス	ひかわ玲子	ほたか乱	4-08-614237-6		ひ4-5	204	
199609	コバルト文庫ピンキー	ないしょのプリンセス	宮沢ぷりん　原作：水沢めぐみ		4-08-614238-4		ミ1-5	197	
199609	X文庫ホワイトハート	マリア　ブランデンブルクの真珠	榛名しおり	池上明子	4-06-255249-3		はD-01	327	[第3回ホワイトハート大賞恋愛・青春小説部門＜佳作＞]
199609	X文庫ホワイトハート	夢の後ろ姿	月夜の珈琲館	月夜の珈琲館	4-06-255255-8		つB-01	235	
199609	X文庫ホワイトハート	天使の幼虫　隣界ハンター (3)	飛沢磨利子	四位広猫	4-06-255256-6		ひC-06	276	
199609	X文庫ホワイトハート	龍の棲む街　香港超常現象捜査官	星野ケイ	安永圭	4-06-255257-4		ほA-01	248	
199609	X文庫ティーンズハート	アナトゥール星伝 6　紫の明星姫	折原みと	折原みと	4-06-199499-9		お1-25	253	旧整理番号：X90-25
199609	X文庫ティーンズハート	悪夢館でつかまえて	秋野ひとみ	赤羽みちえ	4-06-199700-9		あ1-9	244	旧整理番号：X99-63
199609	X文庫ティーンズハート	モモの海岸物語　子どもだっていわないで	青山えりか	長嶋めぐみ	4-06-199701-7		あ2-17	234	旧整理番号：X114-35
199609	X文庫ティーンズハート	美少女しようよ!!	小林深雪	牧村久実	4-06-199702-5		こ2-44	219	旧整理番号：X154-44
199609	X文庫ティーンズハート	真夜中のキス　誘惑の放課後	小川夏野	森尾理奈	4-06-199703-3		お3-10	240	旧整理番号：X184-10
199609	X文庫ティーンズハート	ぼくの女の子	月森花子	やなせれーこ	4-06-199704-1		X203-2	197	
199609	X文庫ティーンズハート	信じるモノは救われる	谷脇もも	大宮直依	4-06-199705-X		X206-1	183	
199609	パレット文庫	魔王再臨 (前編)　ワンダーBOY (6)	秋月こお	沖麻実也	4-09-420606-X		あ8-6	201	
199609	パレット文庫	王様の夏休み	倉科るり	穂波ゆきね	4-09-420672-8		く3-2	203	
199609	パレット文庫	ハイスクール狂詩曲	雨城まさみ	耒世可恋	4-09-420694-9		あ9-4	199	
199609	パレット文庫	僕達の太陽王　泉＆由鷹シリーズ (13)	あさぎり夕	あさぎり夕	4-09-420714-7		あ6-14	205	
199609	キャンバス文庫	夜叉の恋路　鏡花あやかし秘帖	嶋田純子	九後奈緒子	4-09-430244-1		し2-7	232	
199609	ウィングス・ノヴェルス	舞夢・マイム・クライム	高館薫	四位広猫	4-403-64034-6			279	
199610	電撃文庫	五霊闘士オーキ伝 (5)　虚神騎士降誕！	土門弘幸	よしみる	4-07-305225-X	0137	と-3-5	319	
199610	電撃文庫	真時空伝説ガルキーバ <下>	金巻兼一	平井久司	4-07-305337-X	0136	か-3-2	234	
199610	電撃文庫	デュアン・サーク (2)　魔女の森 <下>	深沢美潮	おときたたかお	4-8402-0523-X	0135	ふ-1-5	203	
199610	電撃ゲーム文庫	D&Dリプレイ ミスタラ黙示録 4	安田均、グループSNE		4-07-305202-0	0138	G-1-10	251	
199610	富士見ファンタジア文庫	魔法少女プリティサミー　秋葉原闘争編 (下)	黒田洋介	羽音たらく (スタジオオルフェ)、宮武一貴 (スタジオぬえ)	4-8291-2705-8	405	45-12	274	
199610	富士見ファンタジア文庫	風の大陸　第十三部　風雲	竹河聖	いのまたむつみ	4-8291-2707-4	407	2-18	265	
199610	富士見ファンタジア文庫	天高く、雲は流れ 3	冴木忍	森山大輔 (実験室)	4-8291-2708-2	408	32-21	242	
199610	富士見ファンタジア文庫	魔術士オーフェン・無謀編 (3)　お前はいったいなんなんだ!?	秋田禎信	草河遊也	4-8291-2709-0	409	40-11	262	
199610	富士見ファンタジア文庫	無責任カルテット (4)　決戦！薔薇色星雲	吉岡平	平田智浩	4-8291-2710-4	410	11-36	237	
199610	富士見ファンタジア文庫	スレイヤーズすぺしゃる (10)　破壊神はつらいよ	神坂一	あらいずみるい	4-8291-2711-2	411	20-24	257	
199610	富士見ファンタジア文庫	ソード・ワールド短編集　虹の舞う海に	水野良、白井英、清松みゆき　編集：安田均	米田仁士	4-8291-2712-0	412	21-29	284	
199610	富士見ファンタジア文庫	SMガールズ　セイバーマリオネットJ　4. 雪山温泉乙女伝説	あかほりさとる	ことぶきつかさ	4-8291-2713-9	413	39-10	206	
199610	角川スニーカー文庫	闇の運命を背負う者	神坂一	木村明広	4-04-414605-5	10158	46-5	286	
199610	角川スニーカー文庫	精霊王　極東少年 III	小林めぐみ	秋山たまよ	4-04-415504-6	10159	55-4	270	
199610	角川スニーカー文庫	二千年目の魔女　チキチキ美少女神仙伝！ (2)	嬉野秋彦	せたのりやす	4-04-417802-X	10156	78-2	279	
199610	角川スニーカー文庫	ルナル・ヒーローズ　〈龍〉を守る者	友野詳、柘植めぐみ、江川晃	西村博之	4-04-460818-0	10136	608-25	265	
199610	角川スニーカー・G文庫	ルナル・サーガ・リプレイ　第3部 闇色の時篇 (上)	友野詳、グループSNE　監修：安田均	西村博之	4-04-461435-0	10190	881-10	300	
199610	角川スニーカー・G文庫	RPGリプレイ　ロードス島伝説 III　魔神討伐	高山浩、グループSNE　原案：水野良		4-04-488506-0	10197	885-6	273	
199610	ファミ通ゲーム文庫	ファイティングバイパーズ　若きバイパーの誕生	沖持冬		4-89366-597-9	LB-137	お4-1	239	
199610	ソノラマ文庫	悪魔のようなあたし	山下定	高田明美	4-257-76790-1	790	や 2- 5	267	
199610	ソノラマ文庫	裏平安霊異記　乱寛太鬼密行	神護一美	若菜等＋Ki	4-257-76791-X	791	し 3- 1	335	
199610	スーパーファンタジー文庫	ハイランディア 4　竜旗、北へ	丘野ゆうじ	内田美奈子	4-08-613234-6		お1-23	265	
199610	スーパーファンタジー文庫	プリンセス・ミネルバ (8)　雷光のレナ	舞阪洸、REDカンパニー	石田走	4-08-613235-4		ま2-10	246	
199610	スーパーファンタジー文庫	シインの毒	荻野目悠樹	亀井高秀	4-08-613236-2		お5-1	300	[第5回ロマン大賞＜入選＞]
199610	スーパーファンタジー文庫	逃げちまえ！	野梨原花南	うちみけ清香	4-08-613237-0		の2-1	236	
199610	スーパークエスト文庫	超時空世紀オーガス02 VOL.4	山口宏、木川明彦	美樹本晴彦	4-09-440196-2		や2-4	195	
199610	徳間AM文庫	小説 ガルフォース ザ・レボリューション 上	柿沼秀樹		4-19-900027-5		K2-1	237	
199610	徳間AM文庫	小説 ガルフォース ザ・レボリューション 下	柿沼秀樹		4-19-900028-3		K2-2	233	
199610	C★NOVELS ファンタジア	聖刻群狼伝 2　西方大陸篇	千葉暁	藤井英俊	4-12-500433-1		ち1-2	221	
199610	C★NOVELS ファンタジア	芯の樹を求めて	篠田真由美		4-12-500438-2		し1-2	220	
199610	C★NOVELS ファンタジア	戦塵の荒野　華陽国志 5	狩野あざみ		4-12-500442-0		か2-5	235	
199610	コバルト文庫	禁断のウィスパー　月のクラウン	さいきなおこ	さいきなおこ	4-08-614239-2		さ6-12	254	
199610	コバルト文庫	異邦のかけら　サカナの天	今野緒雪	南部佳絵	4-08-614240-6		こ7-9	248	
199610	コバルト文庫	薔薇の剣　薔薇の結婚	ゆうきりん	珠黎皐夕	4-08-614241-4		ゆ4-12	274	
199610	コバルト文庫	きっと待っている　〜平安夢紀行〜	倉本由布	本田恵子	4-08-614242-2		く2-40	251	
199610	コバルト文庫	東京ANGEL　銃弾に消える雨	本沢みなみ	宏橋昌水	4-08-614243-0		ほ3-4	232	
199610	コバルト文庫	Dual Wendy　鎖ざされた窓	緑川七央	岳倉りく	4-08-614244-9		み9-2	251	
199610	コバルト文庫	マリオ・ボーイの逆説	弓原望	梨本有実	4-08-614245-7		ゆ5-1	278	[第5回ロマン大賞＜佳作＞]
199610	コバルト文庫	マスカレードの長い夜	吉田縁	桑原祐子	4-08-614246-5		よ3-2	279	
199610	コバルト文庫ピンキー	こどものおもちゃ 3	高橋良輔　原作：小花美穂		4-08-614247-3		タ05-3	202	
199610	コバルト文庫ピンキー	花より男子 9	竹内志麻子　原作：神尾葉子		4-08-614248-1		タ3-10	216	
199610	X文庫ホワイトハート	雪――SNOW――　硝子の街にて (2)	柏枝真郷	茶屋町勝呂	4-06-255258-2		かB-03	251	
199610	X文庫ホワイトハート	転校生	新堂奈槻	麻々原絵里依	4-06-255259-0		しA-02	242	
199610	X文庫ホワイトハート	美貌のサラマンドラ　禍つ姫の系譜 (3)	高瀬美恵	祐天寺あこ	4-06-255260-4		たA-22	238	
199610	X文庫ホワイトハート	死を呼ぶ遊戯　新・霊感探偵倶楽部	新田一実	笠井あゆみ	4-06-255261-2		にA-16	254	
199610	X文庫ホワイトハート	炎恋記	森福都	若菜等+Ki	4-06-255262-0		もA-02	494	
199610	X文庫ティーンズハート	暗黒からの使者　ゾンビ・ウォッチャー	風見潤	日下部拓海	4-06-199706-8		か2-34	209	旧整理番号：X101-34
199610	X文庫ティーンズハート	好きって気持ち知ってるくせに！	小泉まりえ	小椋真空	4-06-199707-6		こ1-25	187	旧整理番号：X137-40
199610	X文庫ティーンズハート	ないしょの外泊はダメよ	石井ゆうみ	岩崎まり子	4-06-199708-4		い2-14	200	旧整理番号：X162-24
199610	X文庫ティーンズハート	だって好きなんだもん	小椋恵里子		4-06-199709-2		X197-2	200	
199610	X文庫ティーンズハート	ようこそ恋のレッスンへ	高林真夏	岡本慶子	4-06-199710-6		X202-3	203	
199610	パレット文庫	僕らのジュリエット海峡　聖ミラン学園物語 (5)	七海花音	みずき健	4-09-420615-9		な3-6	199	
199610	パレット文庫	BLUE BOYに紅い薔薇を　―月下美少年―	夏樹碧	南野ましろ	4-09-420638-8		な4-8	201	
199610	パレット文庫	ミステリーなんて大嫌いだ！　花水木高校物語	夏木ひまわり	東里桐子	4-09-420732-5		な6-2	201	
199610	パレット文庫	ウェディングKISS×KISS	藤田和子	藤田和子	4-09-420761-9		ふ1-1	199	
199610	キャンバス文庫	気紛れな鍵　追憶の行方 2	新田一実	真木しょうこ	4-09-430199-2		に1-16	234	
199610	キャンバス文庫	女神降臨剣 (3)　龍神覚醒	榎木洋子	いのまたむつみ	4-09-430253-0		え1-3	268	
199610	キャンバス文庫	封殺鬼シリーズ (12)　マヨイガ (上)	霜島ケイ	西炯子	4-09-430322-7		し1-12	253	
199610	ウィングス・ノヴェルス	天界樹夢語り 3　裏切りの海	麻城ゆう	道原かつみ	4-403-64035-4			266	
199610	ウィングス・ノヴェルス	FATAL ERROR 2　異端	新堂奈槻	押上美猫	4-403-64036-2			275	
199611	電撃文庫	シバルバー (2)　天の十三階段	篠崎砂美	木村明広	4-07-305350-7	0140	し-3-3	239	
199611	電撃文庫	小説　央華封神 (2)　蒼い風のきらめき	友野詳	田辺雄一郎	4-07-305366-3	0141	と-5-2	258	
199611	電撃ゲーム文庫	RPGリプレイ 暗黒伝説クリスタニア	水野良、グループSNE		4-07-305343-4	0139	G-6-3	280	
199611	富士見ファンタジア文庫	必殺 お捜し人 2　真珠の聖域	小林めぐみ	ひさいちよしき	4-8291-2714-7	414	30-11	252	
199611	富士見ファンタジア文庫	ランドロック (下)　蒼き宿命編	オルカ	士郎正宗、光岡成一	4-8291-2715-5	415	72-2	232	
199611	富士見ファンタジア文庫	バトルテック・ノベル　激闘！独立愚連隊	黒田和人	るりあ046	4-8291-2716-3	416	55-4	203	
199611	富士見ファンタジア文庫	それゆけ！宇宙戦艦ヤマモト・ヨーコopt.4　宇宙一杯のバレンタイン	庄司卓	赤石沢貴士	4-8291-2717-1	417	35-24	225	
199611	富士見ファンタジア文庫	天地無用！魎皇鬼　よいこのせいかつ編	長谷川菜穂子	大和田直之	4-8291-2718-X	418	45-13	276	
199611	富士見ファンタジア文庫	魔法使いTai! 2　薫風のメモリー	佐藤順一、小中千昭	伊藤郁子	4-8291-2719-8	419	71-2	245	
199611	角川スニーカー文庫	MAZE☆爆熱時空　レイピア乱舞	あかほりさとる	菅沼栄治	4-04-412721-2	10157	27-29	235	
199611	角川スニーカー文庫	ラングリッサー III (下)	紙井中	うるし原智志	4-04-415904-1	10185	59-4	309	
199611	角川スニーカー文庫	新機動戦記ガンダムW operation 3　故郷	神代創　原作：矢立肇、富野由悠季	美樹本晴彦	4-04-417703-1	10187	0-33	263	旧整理番号：77-3
199611	角川スニーカー文庫	お嬢様捜査網　お嬢様探偵登場!!	東義人		4-04-417901-8	10184	79-1	278	
199611	角川スニーカー文庫	Lunar シルバースターストーリー　1 風の行方	重馬敬	船戸明里	4-04-460704-4	10188	616-1	268	
199611	角川スニーカー文庫	ハイパーT&Tノベル　ドラゴン大陸興亡記 III　竜の要塞	安田均、北沢慶		4-04-461503-9	10189	615-3	307	
199611	角川スニーカー・G文庫	妖魔百物語　妖の巻	山本弘、友野詳、グループSNE　監修：安田均		4-04-461436-9	10191	882-7	261	
199611	ファミ通文庫	ザ・キング・オブ・ファイターズ '96　〜Rumbling of the City〜	嬉野秋彦	井ノ上ゆか	4-7577-1108-5	39	K1 2-1	223	ファミ通ゲーム文庫LB-138,う1-1／元ISBN4-89366-608-8
199611	ファミ通文庫	NOeL　〜カノジョの交換日記〜	是方那穂子	阿部恒	4-89366-599-5	42	N1 1-1	239	ファミ通ゲーム文庫LB-139,こ1-1
199611	ソノラマ文庫	吸血鬼ハンター 10　Ｄ−双影の騎士 1	菊地秀行	天野喜孝	4-257-76792-8	792	き 1-41	238	
199611	ソノラマ文庫	たたかう！ニュースキャスター	夏見正隆	鈴木雅久	4-257-76794-4	794	な 4- 6	278	
199611	スーパーファンタジー文庫	イズミ幻戦記 4　烙都紅蓮編	若木未生	岡崎武士	4-08-613238-9		わ1-5	216	
199611	スーパーファンタジー文庫	倭―YAMATO―　俺たちの創世記 3	花衣沙久羅	石堂まゆ、他	4-08-613239-7		か2-17	231	
199611	スーパーファンタジー文庫	炎風の聖者	柴田明美	高之原翠	4-08-613240-0		し3-3	250	
199611	スーパーファンタジー文庫	KINGDOM (5)　〜即位の条件	七穂美也子	星崎龍	4-08-613241-9		な2-10	248	
199611	スーパークエスト文庫	聖剣エクスカリバー VOL.5　アトランティスの逆襲	渓由葵夫	木村明広	4-09-440365-5		た3-5	194	
199611	ガンマ文庫	神秘の世界エルハザード　幻書伝 橙の書	植田浩二、桑原忍	宮越和草、中沢一登	4-8124-0252-2		1-5	228	
199611	ガンマ文庫	さよりなパラレル外伝　マヤヤイリリぱにっく 上	工藤治　原作：竹本泉	竹本泉	4-8124-0253-0		8-1	244	
199611	C★NOVELS ファンタジア	殺人定義　ダイナマイト刑事 2	六道慧	嵯峨栗生	4-12-500432-3		り1-9	250	
199611	C★NOVELS ファンタジア	妖雲の舞曲　デルフィニア戦記 11	茅田砂胡	沖麻実也	4-12-500444-7		か1-11	236	
199611	C★NOVELS ファンタジア	遠い約束　2 マインドチェイサーサードステージ	神無月ふみ		4-12-500445-5		か3-7	222	
199611	コバルト文庫	破妖の剣 5　翡翠の夢 5	前田珠子	厦門潤	4-08-614249-X		ま2-34	317	
199611	コバルト文庫	龍と魔法使い (10)	榎木洋子	後藤星	4-08-614250-3		え1-23	220	
199611	コバルト文庫	この雪に願えるならば	響野夏菜	宮城とおこ	4-08-614251-1		ひ5-20	295	
199611	コバルト文庫	月の迷宮　陽の迷宮　陽炎の砂宮	金蓮花	久下じゅんこ	4-08-614252-X		き6-11	315	
199611	コバルト文庫	龍は縛める	真堂樹	浅見侑	4-08-614253-8		し8-6	283	
199611	コバルト文庫	キル・ゾーン　赤と黒	須賀しのぶ	梶原にき	4-08-614254-6		す5-8	220	
199611	コバルト文庫	蒼のリフレイン	高遠砂夜	小宮なつ	4-08-614255-4		た13-12	254	
199611	コバルト文庫	ヴィシュバ・ノールの風によせて　〜ゆめの雫ねむりの波紋〜	水杜明珠	わかつきめぐみ	4-08-614256-2		み8-12	213	
199611	コバルト文庫	四旬節の恋人	橘香いくの	江ノ本瞳	4-08-614257-0		た14-5	285	
199611	コバルト文庫	ラヴァーズ＋１	森田尚	長谷川潤	4-08-614258-9		も1-1	227	[第26回ノベル大賞＜佳作＞]
199611	コバルト文庫ピンキー	冬の魔法使い	武内昌美	武内昌美	4-08-614259-7		タ4-4	208	
199611	コバルト文庫ピンキー	彼女はビター・スウィート	原田紀	遠山雷太	4-08-614260-0		ハ2-3	249	
199611	X文庫ホワイトハート	黒い肌の魔女　プラパ・ゼータ外伝　金色の魔道公子 (3)	流星香	片山愁	4-06-255263-9		なB-21	262	
199611	X文庫ホワイトハート	月下巴里祭 (上)　アキラ・プラーナ外伝	小沢淳	碧ゆかこ	4-06-255265-5		おA-21	200	
199611	X文庫ホワイトハート	銀河鉄道通信	仙道はるか	沢路きえ	4-06-255266-3		せB-03	245	
199611	X文庫ホワイトハート	鬼籠めの鉢	飯里有	御茶柱さむ	4-06-255267-1		いC-01	233	[第2回ホワイトハート大賞エンタテイメント部門＜佳作＞]
199611	X文庫ティーンズハート	クリスマスBOX　折原サンタのプレゼント	折原みと	折原みと	4-06-199711-4		お1-26	127	旧整理番号：X90-26
199611	X文庫ティーンズハート	星空の下でつかまえて	秋野ひとみ	赤羽みちえ	4-06-199712-2		あ1-10	246	旧整理番号：X99-64
199611	X文庫ティーンズハート	レンガ屋敷の呪われた真珠　ヨコハマ事件ファイル 3	ゆうきみすず	河内実加	4-06-199713-0		ゆ2-6	202	旧整理番号：X104-41
199611	X文庫ティーンズハート	好きから始まる告白物語	青山えりか	長嶋めぐみ	4-06-199714-9		あ2-18	215	旧整理番号：X114-36
199611	X文庫ティーンズハート	魔法の国の19才	小林深雪	牧村久実	4-06-199715-7		こ2-45	207	旧整理番号：X154-45
199611	X文庫ティーンズハート	恋する女のコのお菓子BOOK (2)	くりた陸	くりた陸	4-06-199716-5		く1-2	232	旧整理番号：X191-2
199611	X文庫ティーンズハート	あんたいつからそうなったの!?	萌木智佳	やまだないと	4-06-199717-3		も2-2	221	旧整理番号：X204-2
199611	パレット文庫	少年達の高校白書　秋色センセーション	雨城まさみ	耒世可恋	4-09-420695-7		あ9-5	199	
199611	パレット文庫	僕達の禁猟区　泉＆由鷹シリーズ (14)	あさぎり夕	あさぎり夕	4-09-420715-5		あ6-15	205	
199611	パレット文庫	秀麗学院高校物語 (2)　少年堕天使	七海花音	おおや和美	4-09-420722-8		な3-7	201	
199611	パレット文庫	その日、俺達の恋は…	水星さつき	緋色れーいち	4-09-420781-3		み1-2	203	
199611	キャンバス文庫	天使は血の香り　超香師	嶋田純子	夏賀久美子	4-09-430245-X		し2-8	267	
199611	キャンバス文庫	はるかなる海の女王　クリスタルムーン戦記 (上)	小柳順治	梓樹里	4-09-430351-0		こ2-1	239	
199611	ウィングス・ノヴェルス	モダン・タイムス 1	菅野彰	西炯子	4-403-64037-0			315	
199611	ウィングス・ノヴェルス	夢幻不思議草紙・七宝綺譚 巻之3　天駆ける光竜の召喚	多戸雅之	おおや和美	4-403-64038-9			271	
199612	電撃文庫	天背天昇秘記　KIRYU! (1)	野呂昌史	きがわ琳	4-07-305432-5	0144	の-1-2	270	
199612	電撃文庫	瑠璃丸伝　当世しのび草紙 (6)	松枝蔵人	池田恵	4-07-305449-X	0142	ま-1-6	304	
199612	電撃文庫	星くず英雄伝 (1)　放浪惑星の姫君	新木伸	平井久司	4-8402-0542-6	0143	あ-2-3	334	
199612	富士見ファンタジア文庫	無責任カルテット (5)　銀河賛唱	吉岡平	平田智浩	4-8291-2720-1	420	11-37	241	
199612	富士見ファンタジア文庫	SMガールズ　セイバーマリオネットJ　5. 機械じかけの乙女たち	あかほりさとる	ことぶきつかさ	4-8291-2721-X	421	39-11	205	
199612	富士見ファンタジア文庫	はみだしバスターズ　ドラゴンなんて怖くないっ！	神代創	桐嶋たける	4-8291-2722-8	422	74-1	262	
199612	富士見ファンタジア文庫	天使は結果オーライ	野尻抱介	むっちりむうにい	4-8291-2723-6	423	38-8	328	
199612	富士見ファンタジア文庫	〈六門世界〉(1)　魔獣召喚の門	安田均	松本嵩春	4-8291-2725-2	425	75-1	309	
199612	角川スニーカー文庫	魔獣戦記ネオ・ヴァルガー　(6) 危機	秋津透	平野俊弘	4-04-410522-7	10186	5-7	213	
199612	角川スニーカー文庫	シェアード・ワールド・ノベルズ　妖魔夜行　闇より帰りきて	友野詳	青木邦夫	4-04-415207-1	10223	52-7	276	
199612	角川スニーカー文庫	海の上でも命懸け！　チキチキ美少女神仙伝！ (3)	嬉野秋彦	せたのりやす	4-04-417803-8	10222	78-3	276	
199612	ファミ通文庫	ファイアーエムブレム　聖戦の系譜　〜シグルド編 [上]	鈴木銀一郎		4-89366-630-4	36	F1 1-1	231	ファミ通ゲーム文庫LB-140,す4-4
199612	ファミ通ゲーム文庫	プリンセスメーカー ゆめみる妖精	細江ひろみ		4-89366-631-2	LB-141	ほ2-2	237	
199612	ソノラマ文庫	剣の聖刻年代記 (2)　仮面の挽歌	日下部匡俊	岡崎武士	4-257-76793-6	793	く 1- 2	309	
199612	ソノラマ文庫	悟利寿司の逆襲　とってもヴァンパイア 4	吉岡平	大橋薫	4-257-76795-2	795	よ 2-12	279	
199612	ソノラマ文庫	ファントム・ライダー 1	鴉紋洋	武半慎吾	4-257-76796-0	796	あ 3-20	295	
199612	スーパーファンタジー文庫	熱砂の小恋歌　―西域暴雲録―	藤水名子	夭田みちる	4-08-613242-7		ふ3-5	235	
199612	スーパーファンタジー文庫	闇に歌えば 10　黄金色の黎明 (前編)	瀬川貴次	藤川守	4-08-613243-5		せ1-19	222	
199612	スーパーファンタジー文庫	アークザラッド	山田桜丸	国末竜一	4-08-613244-3		や6-1	273	
199612	スーパーファンタジー文庫	英雄降臨　―The seven heroes & Cinderella―	河西祐子	佐々木潤子	4-08-613245-1		か3-1	296	
199612	サークル文庫	デモンズサモナー　王権の剣	中里融司	米村孝一郎、鈴木理華	4-7952-1846-3			294	
199612	サークル文庫	あすか120% ファーストイグニッション	桑原忍	武林武士	4-7952-1847-1			246	
199612	コバルト文庫	カウス＝ルー大陸史・空の牙　蘭の血脈　天青篇	響野夏菜	石堂まゆ	4-08-614261-9		ひ5-21	215	
199612	コバルト文庫	星の眠る檻　―天帝譚―	藤原眞莉	藤原多恵	4-08-614262-7		ふ6-4	231	
199612	コバルト文庫	BOYSサイキック・アクション　大阪タコヤキウォーズ	カトリーヌあやこ、落合ゆかり	カトリーヌあやこ	4-08-614263-5		か3-17	199	
199612	コバルト文庫	薔薇の剣　血に染まる薔薇	ゆうきりん	珠黎皐夕	4-08-614264-3		ゆ4-13	262	
199612	コバルト文庫	月影のソムル (4)　千夜の果て	綾乃なつき	秋篠たつき	4-08-614265-1		あ9-7	233	
199612	コバルト文庫	人形たちの輪舞　―夢のなかの殺人者	遠田緩	張佐和子	4-08-614266-X		と3-1	285	[第26回ノベル大賞＜入選＞]
199612	コバルト文庫	現は夢、久遠の瞬き	朝香祥	鈴木理華	4-08-614267-8		あ11-1	234	
199612	コバルト文庫	牡羊座の恋愛教習所　冒険少女編	日向章一郎	みずき健	4-08-614270-8		ひ2-47	260	
199612	コバルト文庫ピンキー	こどものおもちゃ 4	高橋良輔　原作：小花美穂		4-08-614268-6		タ05-4	192	
199612	コバルト文庫ピンキー	ご近所物語 4	下川香苗　原作：矢沢あい		4-08-614269-4		シ1-13	200	
199612	X文庫ホワイトハート	薫夜―KAGUYA―　鬼の風水 (7)	岡野麻里安	金ひかる	4-06-255264-7		おB-19	298	
199612	X文庫ホワイトハート	月下巴里祭 (下)　アキラ・プラーナ外伝	小沢淳	碧ゆかこ	4-06-255268-X		おA-22	197	
199612	X文庫ホワイトハート	浮気な僕等	月夜の珈琲館	月夜の珈琲館	4-06-255269-8		つB-02	248	
199612	X文庫ホワイトハート	孤哀の少女　隣界ハンター (4)	飛沢磨利子	四位広猫	4-06-255270-1		ひC-07	303	
199612	X文庫ホワイトハート	龍を狩る者　香港超常現象捜査官	星野ケイ	安永圭	4-06-255271-X		ほA-02	277	
199612	X文庫ティーンズハート	マーメイド・ぱにっく (2)	小泉まりえ	武内直子	4-06-199718-1		こ1-26	184	旧整理番号：X137-41
199612	X文庫ティーンズハート	見つめていたい　誘惑の放課後	小川夏野	森尾理奈	4-06-199719-X		お3-11	234	旧整理番号：X184-11
199612	X文庫ティーンズハート	ささやきは魔法	津原やすみ	新井葉月	4-06-199720-3		つ1-7	253	旧整理番号：X118-27
199612	X文庫ティーンズハート	イヴの海であなたと	石井ゆうみ	岩崎まり子	4-06-199721-1		い2-15	201	旧整理番号：X162-25
199612	X文庫ティーンズハート	星くず少女の伝説	森美樹	北原菜里子	4-06-199722-X		X200-4	203	
199612	パレット文庫	サイドシートで眠らせて	高橋ななを	真木しょうこ	4-09-420353-2		た6-1	199	
199612	パレット文庫	魔王再臨 (中編)　ワンダーBOY (7)	秋月こお	沖麻実也	4-09-420607-8		あ8-7	202	
199612	パレット文庫	サディスティック	広田奈央	新條まゆ	4-09-420742-2		ひ1-2	182	
199612	パレット文庫	真夜中のペルソナ	西崎めぐみ	ほんだちはる	4-09-420771-6		に1-11	201	
199612	パレット文庫	セント・マシューズへようこそ！	徳田央生	高群保	4-09-420801-1		と1-1	201	
199612	キャンバス文庫	クリセニアン年代記 (10)　黄金の呪縛師	ひかわ玲子	おおや和美	4-09-430030-9		ひ1-10	237	
199612	キャンバス文庫	キャプテン・ルーシェ	高瀬美恵	山村路	4-09-430140-2		た2-10	288	
199612	キャンバス文庫	守るべき誇りのために　クリスタルムーン戦記 (下)	小柳順治	梓樹里	4-09-430352-9		こ2-2	240	
199612	ウィングス・ノヴェルス	さあ元気になりなさい 6	くりこ姫	えみこ山	4-403-64040-0			311	
199612	ウィングス・ノヴェルス	リアルゲーム　虚空間のメサイア	前田栄	麻々原絵里依	4-403-64041-9			297	
